{
  "id": "f079126c-de9c-493c-9a3c-af6ed762c8a7",
  "generation": 2,
  "iteration": 227,
  "current_iteration": 600,
  "metrics": {
    "error": 0.0,
    "timeout": true
  },
  "language": "python",
  "timestamp": 1769456922.9696553,
  "saved_at": 1769465436.331658
}