{
  "id": "6eff40e2-929b-4a99-86df-b4d0b97eebe1",
  "generation": 35,
  "iteration": 860,
  "timestamp": 1776055465.046459,
  "parent_id": "d55ddd5c-9c0e-452f-8664-fdd8bad037f4",
  "metrics": {
    "combined_score": 0.5094901691170365,
    "BLUE score": 0.5094901691170365
  },
  "language": "python",
  "saved_at": 1776057558.257648
}