{
  "id": "59d3fe37-96d1-4efa-9276-6bbc3e4d19fa",
  "generation": 6,
  "iteration": 61,
  "current_iteration": 150,
  "metrics": {
    "validity": 1.0,
    "sum_radii": 2.1439268946229446,
    "target_ratio": 0.8136344951130721,
    "combined_score": 0.8136344951130721,
    "radius_variance": 0.0015529343406691966,
    "spatial_spread": 0.1886310021950146,
    "eval_time": 0.41979122161865234
  },
  "language": "python",
  "timestamp": 1768430251.2925086,
  "saved_at": 1768432058.8243043
}