{
  "id": "f41fb1dc-4378-44d5-8b48-868e6aa3d158",
  "generation": 1,
  "iteration": 2,
  "current_iteration": 20,
  "metrics": {
    "validity": 1.0,
    "sum_radii": 1.1850551589056015,
    "target_ratio": 0.44973630318998165,
    "combined_score": 0.44973630318998165,
    "radius_variance": 0.006208245120013936,
    "spatial_spread": 0.1371925636901124
  },
  "language": "python",
  "timestamp": 1768426330.613211,
  "saved_at": 1768426546.9648223
}