{
  "id": "51f6201a-e45b-4d6e-8c96-f47119d3b3c7",
  "generation": 7,
  "iteration": 199,
  "current_iteration": 250,
  "metrics": {
    "combined_score": 0.5599429922759636
  },
  "language": "python",
  "timestamp": 1767663245.8860269,
  "saved_at": 1767665333.2677078
}