{
  "id": "6b4ccec6-37b5-4249-92e6-67bb090a263b",
  "generation": 1,
  "iteration": 1,
  "timestamp": 1762985015.7834892,
  "parent_id": "23cca5ef-6ea1-4dd0-8310-16cf2a2642c9",
  "metrics": {
    "runs_successfully": 1.0,
    "value_score": 0.9798977094861812,
    "distance_score": 0.8794697469310274,
    "combined_score": 1.430684668233598,
    "reliability_score": 1.0
  },
  "language": "python",
  "saved_at": 1762985092.511506
}