{
  "id": "1eb5fe25-fdc5-4b41-9769-a426b40c0ecf",
  "generation": 17,
  "iteration": 554,
  "current_iteration": 600,
  "metrics": {
    "combined_score": 0.4882220386476394,
    "BLUE score": 0.4882220386476394
  },
  "language": "python",
  "timestamp": 1776086433.4491992,
  "saved_at": 1776087223.111199
}