{
  "id": "c035eddb-6987-412e-8fc9-0551a0921e5a",
  "generation": 19,
  "iteration": 773,
  "current_iteration": 900,
  "metrics": {
    "combined_score": 0.5244201611666192
  },
  "language": "python",
  "timestamp": 1768419749.3152745,
  "saved_at": 1768421760.6888978
}