{
  "id": "0c1e7a32-6120-4738-b8d1-f1b5fe277241",
  "generation": 3,
  "iteration": 81,
  "current_iteration": 100,
  "metrics": {
    "combined_score": 0.471135248789112
  },
  "language": "python",
  "timestamp": 1769452811.2237632,
  "saved_at": 1769453030.9381075
}