{
  "id": "b2f9eb03-4cab-4271-99a8-dd41d7669a48",
  "generation": 1,
  "iteration": 3,
  "timestamp": 1770069948.7944953,
  "parent_id": "3f8e22bb-246b-42e9-bc6d-12336ef61ab8",
  "metrics": {
    "combined_score": 0.5822611327901956,
    "avg_bleu_score": 0.4043410001631082,
    "avg_meteor_score": 0.6557008636273841,
    "avg_sentences_length_score": 0.6867415345800947
  },
  "language": "python",
  "saved_at": 1770070147.1839004
}