{
  "id": "706050a4-c7fe-4e25-b240-429fd8c91e81",
  "generation": 13,
  "iteration": 589,
  "current_iteration": 800,
  "metrics": {
    "combined_score": 0.43168642857636574
  },
  "language": "python",
  "timestamp": 1769068080.3291376,
  "saved_at": 1769072501.3819654
}