{
  "id": "ea90be45-55d4-4c03-a878-3b9005072418",
  "generation": 1,
  "iteration": 7,
  "current_iteration": 10,
  "metrics": {
    "validity": 1.0,
    "sum_radii": 1.2079509490979454,
    "target_ratio": 0.4584254076273038,
    "combined_score": 0.4584254076273038,
    "radius_variance": 0.012778379254850382,
    "spatial_spread": 0.1568370972429157
  },
  "language": "python",
  "timestamp": 1768425939.8009512,
  "saved_at": 1768425990.4263957
}