{
  "id": "a1f8a353-1ffb-48df-817e-82f57bc2b506",
  "generation": 8,
  "iteration": 360,
  "current_iteration": 800,
  "metrics": {
    "combined_score": 0.9813599838753022,
    "BLUE score": 0.39519189784260306
  },
  "language": "python",
  "timestamp": 1774236876.8191514,
  "saved_at": 1774261610.8995523
}