{
  "id": "5581904c-afc9-4e34-b83a-c720d8e42678",
  "generation": 7,
  "iteration": 64,
  "current_iteration": 70,
  "metrics": {
    "combined_score": 0.5362877025732345
  },
  "language": "python",
  "timestamp": 1766040015.3709593,
  "saved_at": 1766040117.7927563
}