{
  "id": "a8aa1b5a-441e-45a0-859f-ba7971ba2e2b",
  "generation": 13,
  "iteration": 983,
  "current_iteration": 1000,
  "metrics": {
    "combined_score": 0.46370497611834743,
    "BLUE score": 0.46370497611834743
  },
  "language": "python",
  "timestamp": 1772737817.2893462,
  "saved_at": 1772739655.3997421
}