{
  "id": "3d139183-ea88-46c6-9510-48bda92362da",
  "generation": 12,
  "iteration": 383,
  "current_iteration": 500,
  "metrics": {
    "combined_score": 0.48608356340814907,
    "BLUE score": 0.48608356340814907
  },
  "language": "python",
  "timestamp": 1776082353.9637322,
  "saved_at": 1776085043.2051337
}