{
  "id": "05512c87-c1b6-4fd8-8227-99ea1cd61d4f",
  "generation": 6,
  "iteration": 902,
  "current_iteration": 1000,
  "metrics": {
    "combined_score": 0.9891965869389947,
    "BLUE score": 0.3910239731620782
  },
  "language": "python",
  "timestamp": 1774267654.2698383,
  "saved_at": 1774272737.0520868
}