{"island_feature_maps": [{"5-0": "2f4b20aa-2620-41a7-a626-a18ddc5ffea0", "9-5": "18155bb7-f1f4-473b-8ad0-d23691ae814b", "9-0": "26c8765f-e078-41ab-8c5f-8dc71f33c983"}], "islands": [["9ea749a5-2f57-4831-b179-5390a7b3ced3", "928b865f-7767-43f9-822a-8b13213d96eb", "e617c5af-e803-4e65-bd57-bad2d5e484b4", "ccad4f47-60ff-4e00-a4b5-e7c139cad609", "feb1ea7b-c78b-4b92-bce3-c71eb1ea366a", "988aaf74-a08d-4b1d-8ab8-73993f01c8bc", "58596a66-8a2b-4f15-bec7-e08f6704240f", "66a0190c-26bb-446d-8412-f1aaec7cb5e0", "2f4b20aa-2620-41a7-a626-a18ddc5ffea0", "9a1aac6d-5572-47fa-ab99-2a5fee100910", "26c8765f-e078-41ab-8c5f-8dc71f33c983", "18155bb7-f1f4-473b-8ad0-d23691ae814b", "ea711ce9-bfe3-473b-b39a-855790f4bbfc", "04053780-8525-4be3-844f-aa639e57df76", "a49976dd-8d64-4c99-8494-6a069e05ef3f", "0b362fde-b850-4e0e-aa73-af9ab5298df1", "b87cee65-e6d8-4d59-84c5-81362829d316", "2f4e7f9f-9b0b-4f46-97ce-62872d0f9cb1"]], "archive": ["9ea749a5-2f57-4831-b179-5390a7b3ced3", "928b865f-7767-43f9-822a-8b13213d96eb", "e617c5af-e803-4e65-bd57-bad2d5e484b4", "ccad4f47-60ff-4e00-a4b5-e7c139cad609", "feb1ea7b-c78b-4b92-bce3-c71eb1ea366a", "988aaf74-a08d-4b1d-8ab8-73993f01c8bc", "58596a66-8a2b-4f15-bec7-e08f6704240f", "66a0190c-26bb-446d-8412-f1aaec7cb5e0", "2f4b20aa-2620-41a7-a626-a18ddc5ffea0", "9a1aac6d-5572-47fa-ab99-2a5fee100910", "26c8765f-e078-41ab-8c5f-8dc71f33c983", "18155bb7-f1f4-473b-8ad0-d23691ae814b", "ea711ce9-bfe3-473b-b39a-855790f4bbfc", "04053780-8525-4be3-844f-aa639e57df76", "a49976dd-8d64-4c99-8494-6a069e05ef3f", "0b362fde-b850-4e0e-aa73-af9ab5298df1", "b87cee65-e6d8-4d59-84c5-81362829d316", "2f4e7f9f-9b0b-4f46-97ce-62872d0f9cb1"], "best_program_id": "26c8765f-e078-41ab-8c5f-8dc71f33c983", "island_best_programs": ["26c8765f-e078-41ab-8c5f-8dc71f33c983"], "last_iteration": 30, "current_island": 0, "island_generations": [21], "last_migration_generation": 0, "feature_stats": {"complexity": {"min": 267.0, "max": 5860.0, "values": [267.0, 5726.0, 5726.0, 5726.0, 5726.0, 5726.0, 5726.0, 5709.0, 5713.0, 5689.0, 5709.0, 5857.0, 5705.0, 5713.0, 5695.0, 5695.0, 5708.0, 5860.0, 5716.0, 5709.0, 5713.0, 5714.0]}, "diversity": {"min": 60.114999999999995, "max": 1116.9, "values": [1116.9, 1116.9, 1116.9, 1116.9, 1116.9, 1116.9, 160.77142857142857, 140.475, 126.64444444444445, 160.77142857142857, 135.9, 97.19166666666668, 140.475, 84.07857142857144, 84.07857142857144, 72.95625, 98.78823529411765, 66.78888888888889, 63.32105263157896, 60.114999999999995, 60.125]}}}