{
  "id": "2ec78e13-a94b-46a3-9c69-0f35d473527a",
  "generation": 21,
  "iteration": 982,
  "current_iteration": 1000,
  "metrics": {
    "combined_score": 0.5515156829633063,
    "BLUE score": 0.5515156829633063
  },
  "language": "python",
  "timestamp": 1776022345.9612541,
  "saved_at": 1776022818.0875533
}