{
  "id": "e126848c-607b-4e9b-a1ae-f872bfb88fc2",
  "generation": 2,
  "iteration": 23,
  "current_iteration": 30,
  "metrics": {
    "runs_successfully": 1.0,
    "value_score": 0.9524030082666564,
    "distance_score": 0.7910211914482224,
    "combined_score": 1.2429903941549958
  },
  "language": "python",
  "timestamp": 1764077134.6687813,
  "saved_at": 1764077202.5653794
}