{
  "id": "d3e9fdc2-e30b-49f3-abfa-17f9406de6c7",
  "generation": 0,
  "iteration": 0,
  "timestamp": 1768418645.1225502,
  "parent_id": null,
  "metrics": {
    "validity": 1.0,
    "sum_radii": 0.9597642169962064,
    "target_ratio": 0.36423689449571406,
    "combined_score": 0.36423689449571406,
    "radius_variance": 0.026599407523434117,
    "spatial_spread": 0.23809223949931868
  },
  "language": "python",
  "saved_at": 1768418891.990808
}