{
  "id": "bd04087b-80d2-4356-a59e-e587023942ab",
  "generation": 22,
  "iteration": 995,
  "current_iteration": 1000,
  "metrics": {
    "combined_score": 0.5328683039235254
  },
  "language": "python",
  "timestamp": 1768423328.5428817,
  "saved_at": 1768423446.4096177
}