{
  "id": "b67a82e8-e42e-48cd-9f58-939c8b5a45f3",
  "generation": 13,
  "iteration": 436,
  "current_iteration": 450,
  "metrics": {
    "combined_score": 0.5700630904929126
  },
  "language": "python",
  "timestamp": 1767672973.6870656,
  "saved_at": 1767673838.3922455
}