{
  "id": "47eea03a-e361-454f-9f90-b31690b68fb6",
  "generation": 1,
  "iteration": 5,
  "current_iteration": 5,
  "metrics": {
    "combined_score": 8.668565377366297e-232
  },
  "language": "python",
  "timestamp": 1764806192.4627485,
  "saved_at": 1764806192.470275
}