{
  "id": "2ec78e13-a94b-46a3-9c69-0f35d473527a",
  "generation": 21,
  "iteration": 982,
  "timestamp": 1776022345.9612541,
  "parent_id": "2deb2cff-cae3-4d93-a97a-5800d94d4654",
  "metrics": {
    "combined_score": 0.5515156829633063,
    "BLUE score": 0.5515156829633063
  },
  "language": "python",
  "saved_at": 1776022818.380083
}