{
  "id": "20943261-0cac-40ce-8094-97af75e00cc9",
  "generation": 0,
  "iteration": 0,
  "current_iteration": 100,
  "metrics": {
    "error": 0.0,
    "timeout": true
  },
  "language": "python",
  "timestamp": 1774817146.8475437,
  "saved_at": 1774853477.39651
}