{
  "id": "0fa010c3-90d2-40ba-a17f-af2c64c57298",
  "generation": 1,
  "iteration": 4,
  "current_iteration": 100,
  "metrics": {
    "combined_score": 0.427137631302563
  },
  "language": "python",
  "timestamp": 1769054170.4642632,
  "saved_at": 1769056068.9307017
}