{
  "id": "6e1f279c-694c-4150-82db-00579115b682",
  "generation": 1,
  "iteration": 7,
  "current_iteration": 10,
  "metrics": {
    "runs_successfully": 1.0,
    "value_score": 0.9996837564423203,
    "distance_score": 0.9988662633196013,
    "combined_score": 1.499252635825561,
    "reliability_score": 1.0
  },
  "language": "python",
  "timestamp": 1763417310.8345876,
  "saved_at": 1763417321.8051867
}