{
  "id": "7357722a-22d4-43c5-b222-dd9464dd0c80",
  "generation": 1,
  "iteration": 4,
  "current_iteration": 5,
  "metrics": {
    "combined_score": 0.27884951528371804
  },
  "language": "python",
  "timestamp": 1767652165.8845088,
  "saved_at": 1767652173.2336366
}