{"island_feature_maps": [{"5-0": "2e92d258-9d9f-4513-8b9f-bc28e49fd079", "5-5": "7357722a-22d4-43c5-b222-dd9464dd0c80", "9-9": "62ad509e-6b59-49b6-a6d8-55812e3fdcc2", "2-4": "0d423a92-e933-473d-a0bd-010eaf009b2d"}], "islands": [["62ad509e-6b59-49b6-a6d8-55812e3fdcc2", "7357722a-22d4-43c5-b222-dd9464dd0c80", "2e92d258-9d9f-4513-8b9f-bc28e49fd079", "0d423a92-e933-473d-a0bd-010eaf009b2d"]], "archive": ["62ad509e-6b59-49b6-a6d8-55812e3fdcc2", "7357722a-22d4-43c5-b222-dd9464dd0c80", "2e92d258-9d9f-4513-8b9f-bc28e49fd079", "0d423a92-e933-473d-a0bd-010eaf009b2d"], "best_program_id": "7357722a-22d4-43c5-b222-dd9464dd0c80", "island_best_programs": ["7357722a-22d4-43c5-b222-dd9464dd0c80"], "last_iteration": 5, "current_island": 0, "island_generations": [4], "last_migration_generation": 0, "feature_stats": {"complexity": {"min": 286.0, "max": 1264.0, "values": [286.0, 286.0, 1264.0, 855.0, 572.0]}, "diversity": {"min": 0.0, "max": 342.8, "values": [0.0, 342.8, 186.5666666666667, 139.17499999999998]}}}