{
  "id": "1033281d-742f-4672-87d6-62a188d58259",
  "generation": 13,
  "iteration": 560,
  "current_iteration": 600,
  "metrics": {
    "combined_score": 0.4824855947382803
  },
  "language": "python",
  "timestamp": 1768417065.2432563,
  "saved_at": 1768417590.8466864
}