{
  "id": "46f2c362-fe4b-405d-9ca9-533e5f11e5be",
  "generation": 8,
  "iteration": 391,
  "current_iteration": 500,
  "metrics": {
    "combined_score": 0.28734992570466816
  },
  "language": "python",
  "timestamp": 1769063370.141401,
  "saved_at": 1769066009.3825788
}