{
  "id": "b33cb5f1-de1f-4441-a896-4f0734e51f27",
  "generation": 12,
  "iteration": 293,
  "current_iteration": 300,
  "metrics": {
    "combined_score": 0.5034486153581001,
    "BLUE score": 0.5034486153581001
  },
  "language": "python",
  "timestamp": 1776009703.1715834,
  "saved_at": 1776009835.606602
}