{
  "id": "7ea320ad-3e55-42fc-8784-5fa7a7dca5b7",
  "generation": 12,
  "iteration": 306,
  "current_iteration": 1000,
  "metrics": {
    "error": 0.0,
    "timeout": true
  },
  "language": "python",
  "timestamp": 1769481962.504978,
  "saved_at": 1769494059.664134
}