{
  "id": "7c77f681-3da4-4eb6-a6dc-d6df73192552",
  "generation": 1,
  "iteration": 7,
  "current_iteration": 15,
  "metrics": {
    "runs_successfully": 1.0,
    "value_score": 0.9758935526883783,
    "distance_score": 0.8766952742825925,
    "combined_score": 1.4264330379434504,
    "reliability_score": 1.0
  },
  "language": "python",
  "timestamp": 1762985823.931328,
  "saved_at": 1762985895.024284
}