{"island_feature_maps": [{"5-0": "0ef7d139-6110-4162-a9fb-5ff843638100", "9-5": "97a5433a-e918-4d8d-80f4-af874d97873f", "9-9": "c41dcd9c-28b8-4f61-bcbe-56a241294852"}], "islands": [["b6690b86-b898-4d15-a4d5-cb2447e7603d", "f3ceed2d-19c9-4662-b605-97b56a697309", "1df543a2-6a3e-41da-bc29-c096b59e8e32", "f6da3d4e-5caf-4e3e-b56b-f6cf310f9009", "2acf60dc-6416-4110-bb62-04ed3305588d", "97a5433a-e918-4d8d-80f4-af874d97873f", "0ef7d139-6110-4162-a9fb-5ff843638100", "c41dcd9c-28b8-4f61-bcbe-56a241294852"]], "archive": ["b6690b86-b898-4d15-a4d5-cb2447e7603d", "f3ceed2d-19c9-4662-b605-97b56a697309", "1df543a2-6a3e-41da-bc29-c096b59e8e32", "f6da3d4e-5caf-4e3e-b56b-f6cf310f9009", "2acf60dc-6416-4110-bb62-04ed3305588d", "97a5433a-e918-4d8d-80f4-af874d97873f", "0ef7d139-6110-4162-a9fb-5ff843638100", "c41dcd9c-28b8-4f61-bcbe-56a241294852"], "best_program_id": "c41dcd9c-28b8-4f61-bcbe-56a241294852", "island_best_programs": ["c41dcd9c-28b8-4f61-bcbe-56a241294852"], "last_iteration": 10, "current_island": 0, "island_generations": [7], "last_migration_generation": 0, "feature_stats": {"complexity": {"min": 267.0, "max": 561.0, "values": [267.0, 348.0, 348.0, 348.0, 348.0, 348.0, 348.0, 561.0]}, "diversity": {"min": 20.6, "max": 64.24285714285715, "values": [20.6, 20.6, 20.6, 20.6, 20.6, 20.6, 64.24285714285715]}}}