{
  "id": "6eff40e2-929b-4a99-86df-b4d0b97eebe1",
  "generation": 35,
  "iteration": 860,
  "current_iteration": 900,
  "metrics": {
    "combined_score": 0.5094901691170365,
    "BLUE score": 0.5094901691170365
  },
  "language": "python",
  "timestamp": 1776055465.046459,
  "saved_at": 1776056095.8540735
}