{
  "id": "4457c719-0ecd-4cfc-a6f3-cbb7c358459c",
  "generation": 1,
  "iteration": 5,
  "current_iteration": 10,
  "metrics": {
    "runs_successfully": 1.0,
    "value_score": 0.9983759116623171,
    "distance_score": 0.9682784672054178,
    "combined_score": 1.4845072439891758,
    "reliability_score": 1.0
  },
  "language": "python",
  "timestamp": 1764075798.5029578,
  "saved_at": 1764075836.0654597
}