{"island_feature_maps": [{"5-0": "2ce581fb-7eb8-46c7-b1b3-96f6af0a31e9", "9-5": "fc6f1905-3e0b-45aa-8a5f-25f7c6ace3bc", "9-0": "4457c719-0ecd-4cfc-a6f3-cbb7c358459c", "9-9": "420bbee8-0c89-48e8-bd83-f933da4b7f9d"}, {}, {}], "islands": [["2ce581fb-7eb8-46c7-b1b3-96f6af0a31e9", "50ff4f5f-8312-4084-825b-ee7237c98897", "420bbee8-0c89-48e8-bd83-f933da4b7f9d", "0453e91d-6eb8-4b02-9228-e8d200b4548f", "d2b52452-5b4b-431c-b0d7-a69d4fa14200", "fc6f1905-3e0b-45aa-8a5f-25f7c6ace3bc", "4457c719-0ecd-4cfc-a6f3-cbb7c358459c", "d6430149-3fc6-4fcd-9916-3280066de7d8"], [], []], "archive": ["2ce581fb-7eb8-46c7-b1b3-96f6af0a31e9", "50ff4f5f-8312-4084-825b-ee7237c98897", "420bbee8-0c89-48e8-bd83-f933da4b7f9d", "0453e91d-6eb8-4b02-9228-e8d200b4548f", "d2b52452-5b4b-431c-b0d7-a69d4fa14200", "fc6f1905-3e0b-45aa-8a5f-25f7c6ace3bc", "4457c719-0ecd-4cfc-a6f3-cbb7c358459c", "d6430149-3fc6-4fcd-9916-3280066de7d8"], "best_program_id": "4457c719-0ecd-4cfc-a6f3-cbb7c358459c", "island_best_programs": ["4457c719-0ecd-4cfc-a6f3-cbb7c358459c", null, null], "last_iteration": 10, "current_island": 1, "island_generations": [3, 3, 2], "last_migration_generation": 0, "feature_stats": {"complexity": {"min": 1169.0, "max": 1496.0, "values": [1169.0, 1282.0, 1282.0, 1282.0, 1282.0, 1169.0, 1282.0, 1282.0, 1282.0, 1275.0, 1282.0, 1169.0, 1282.0, 1282.0, 1275.0, 1282.0, 1282.0, 1282.0, 1282.0, 1496.0]}, "diversity": {"min": 6.550000000000001, "max": 54.962500000000006, "values": [22.8, 22.8, 22.8, 22.8, 22.8, 22.8, 22.8, 22.8, 6.550000000000001, 22.8, 22.8, 22.8, 22.8, 6.550000000000001, 22.8, 22.8, 22.8, 22.8, 54.962500000000006]}}}