{
  "id": "926ef99a-3b30-4154-a896-b99db1b15110",
  "generation": 7,
  "iteration": 174,
  "current_iteration": 200,
  "metrics": {
    "combined_score": 0.4878435296685298,
    "BLUE score": 0.4878435296685298
  },
  "language": "python",
  "timestamp": 1776007427.2937663,
  "saved_at": 1776007945.1300507
}