{
  "id": "0cc1e0fe-1e97-4bbd-abf9-01bf6ca9cadc",
  "generation": 1,
  "iteration": 2,
  "current_iteration": 15,
  "metrics": {
    "runs_successfully": 1.0,
    "value_score": 0.9774152494864514,
    "distance_score": 0.886552571020828,
    "combined_score": 1.432010094074211,
    "reliability_score": 1.0
  },
  "language": "python",
  "timestamp": 1762986508.3300173,
  "saved_at": 1762986691.578558
}