{
  "id": "6a17619e-5406-4b29-950c-df061a5595b4",
  "generation": 4,
  "iteration": 72,
  "current_iteration": 85,
  "metrics": {
    "runs_successfully": 1.0,
    "value_score": 0.9993039045639847,
    "distance_score": 0.9808735336165659,
    "combined_score": 1.4908710185504432,
    "reliability_score": 1.0
  },
  "language": "python",
  "timestamp": 1764077630.9460788,
  "saved_at": 1764077770.811192
}