{
  "id": "82966942-cbaf-4ca4-a910-e63a01129bfb",
  "generation": 2,
  "iteration": 8,
  "current_iteration": 10,
  "metrics": {
    "combined_score": 0.2922310800918203
  },
  "language": "python",
  "timestamp": 1765233827.002091,
  "saved_at": 1765233863.8023262
}