{
  "id": "f39f3b70-fc92-49d4-a9b4-b04464d8f3f6",
  "generation": 6,
  "iteration": 51,
  "timestamp": 1763418016.194306,
  "parent_id": "80db3b23-26be-4350-b70a-d250b9af4a0f",
  "metrics": {
    "runs_successfully": 1.0,
    "value_score": 0.9996859392446269,
    "distance_score": 0.9995035738647794,
    "combined_score": 1.4995410626726209,
    "reliability_score": 1.0
  },
  "language": "python",
  "saved_at": 1763418960.5891073
}