{
  "id": "fed0d2a7-c7fb-4302-8e69-a56f5ed6da56",
  "generation": 1,
  "iteration": 3,
  "current_iteration": 5,
  "metrics": {
    "runs_successfully": 1.0,
    "value_score": 0.8525316812003989,
    "distance_score": 0.2487191253874112,
    "combined_score": 0.49061710475149595,
    "reliability_score": 1.0
  },
  "language": "python",
  "timestamp": 1763410224.4535928,
  "saved_at": 1763410267.1938708
}