{"island_feature_maps": [{"5-0": "2ce581fb-7eb8-46c7-b1b3-96f6af0a31e9", "9-5": "fc6f1905-3e0b-45aa-8a5f-25f7c6ace3bc", "9-0": "4457c719-0ecd-4cfc-a6f3-cbb7c358459c"}, {}, {}], "islands": [["2ce581fb-7eb8-46c7-b1b3-96f6af0a31e9", "50ff4f5f-8312-4084-825b-ee7237c98897", "fc6f1905-3e0b-45aa-8a5f-25f7c6ace3bc", "4457c719-0ecd-4cfc-a6f3-cbb7c358459c", "d6430149-3fc6-4fcd-9916-3280066de7d8"], [], []], "archive": ["2ce581fb-7eb8-46c7-b1b3-96f6af0a31e9", "50ff4f5f-8312-4084-825b-ee7237c98897", "fc6f1905-3e0b-45aa-8a5f-25f7c6ace3bc", "4457c719-0ecd-4cfc-a6f3-cbb7c358459c", "d6430149-3fc6-4fcd-9916-3280066de7d8"], "best_program_id": "4457c719-0ecd-4cfc-a6f3-cbb7c358459c", "island_best_programs": ["4457c719-0ecd-4cfc-a6f3-cbb7c358459c", null, null], "last_iteration": 5, "current_island": 0, "island_generations": [2, 1, 1], "last_migration_generation": 0, "feature_stats": {"complexity": {"min": 1169.0, "max": 1282.0, "values": [1169.0, 1282.0, 1282.0, 1282.0, 1282.0, 1169.0, 1282.0, 1282.0, 1282.0, 1275.0]}, "diversity": {"min": 6.550000000000001, "max": 22.8, "values": [22.8, 22.8, 22.8, 22.8, 22.8, 22.8, 22.8, 22.8, 6.550000000000001]}}}