{
  "id": "084854eb-5741-418d-b96a-3c72c24c2b0c",
  "generation": 10,
  "iteration": 749,
  "current_iteration": 800,
  "metrics": {
    "combined_score": 0.2874662406713344
  },
  "language": "python",
  "timestamp": 1769072584.1532326,
  "saved_at": 1769074255.5618181
}