{
  "id": "c109b0f2-f1cb-4284-97e1-09d8454c06fc",
  "generation": 33,
  "iteration": 771,
  "current_iteration": 800,
  "metrics": {
    "combined_score": 0.5031941385927277,
    "BLUE score": 0.5031941385927277
  },
  "language": "python",
  "timestamp": 1776054143.6991522,
  "saved_at": 1776054598.3899984
}