{
  "id": "16f97e17-039c-4d43-b373-5751e3f6ccc5",
  "generation": 2,
  "iteration": 270,
  "timestamp": 1770867861.2506824,
  "parent_id": "0d459fe4-8d97-4021-9d3a-358f45b64b0e",
  "metrics": {
    "combined_score": 0.43919469084702134,
    "BLUE score": 0.43919469084702134
  },
  "language": "python",
  "saved_at": 1770893621.9565682
}