{
  "id": "e14bf425-014c-4cf5-a561-c70697e814ca",
  "generation": 5,
  "iteration": 821,
  "current_iteration": 900,
  "metrics": {
    "combined_score": 0.9823386186509003,
    "BLUE score": 0.39519189784260306
  },
  "language": "python",
  "timestamp": 1774262736.490456,
  "saved_at": 1774267578.1280823
}