{
  "id": "186fc4f6-2c2a-4953-9701-d7ede67e098b",
  "generation": 21,
  "iteration": 595,
  "current_iteration": 600,
  "metrics": {
    "combined_score": 0.5303603458480289,
    "BLUE score": 0.5303603458480289
  },
  "language": "python",
  "timestamp": 1776068273.1198997,
  "saved_at": 1776068380.5194097
}