{
  "id": "9e4c5352-bce8-4ada-9cd3-c23f3bd89a33",
  "generation": 2,
  "iteration": 133,
  "current_iteration": 200,
  "metrics": {
    "combined_score": 0.32457477672129714
  },
  "language": "python",
  "timestamp": 1769097387.4130647,
  "saved_at": 1769098942.1773167
}