{
  "id": "387a9b57-8353-4ad3-bcc2-641e6072c3f0",
  "generation": 6,
  "iteration": 65,
  "current_iteration": 100,
  "metrics": {
    "combined_score": 0.4723315377764251,
    "BLUE score": 0.4723315377764251
  },
  "language": "python",
  "timestamp": 1776075724.6541293,
  "saved_at": 1776076375.2000594
}