{
  "id": "8e5cb89d-212e-458a-a15a-f109e86bf92f",
  "generation": 27,
  "iteration": 982,
  "current_iteration": 1000,
  "metrics": {
    "combined_score": 0.5571086768199186,
    "BLUE score": 0.5571086768199186
  },
  "language": "python",
  "timestamp": 1776074003.7156687,
  "saved_at": 1776074230.4052672
}