{
  "id": "d2ce709d-3aad-4a6d-98fd-f2b3018e852b",
  "generation": 1,
  "iteration": 5,
  "current_iteration": 5,
  "metrics": {
    "runs_successfully": 1.0,
    "value_score": 0.9590677313994094,
    "distance_score": 0.8480681757858483,
    "combined_score": 1.4009314776531885,
    "reliability_score": 1.0
  },
  "language": "python",
  "timestamp": 1762985344.3904514,
  "saved_at": 1762985344.3982444
}