{"island_feature_maps": [{"5-0": "8f67f248-52e5-4976-b05d-3b85739dbf42", "9-5": "d2ce709d-3aad-4a6d-98fd-f2b3018e852b"}, {}, {}], "islands": [["8f67f248-52e5-4976-b05d-3b85739dbf42", "d2ce709d-3aad-4a6d-98fd-f2b3018e852b"], [], []], "archive": ["8f67f248-52e5-4976-b05d-3b85739dbf42", "d2ce709d-3aad-4a6d-98fd-f2b3018e852b"], "best_program_id": "d2ce709d-3aad-4a6d-98fd-f2b3018e852b", "island_best_programs": ["d2ce709d-3aad-4a6d-98fd-f2b3018e852b", null, null], "last_iteration": 5, "current_island": 1, "island_generations": [2, 2, 1], "last_migration_generation": 0, "feature_stats": {"complexity": {"min": 1237.0, "max": 1421.0, "values": [1237.0, 1421.0, 1421.0, 1421.0, 1421.0, 1421.0]}, "diversity": {"min": 20.400000000000002, "max": 20.400000000000002, "values": [20.400000000000002, 20.400000000000002, 20.400000000000002, 20.400000000000002, 20.400000000000002]}}}