{
  "id": "33f2fc31-f6cc-42a2-8394-baa3b8f088be",
  "generation": 2,
  "iteration": 9,
  "timestamp": 1772742992.1344056,
  "parent_id": "05479a0d-6fa7-430a-981c-9e3010793a8c",
  "metrics": {
    "combined_score": 0.4671810016883181,
    "BLUE score": 0.4671810016883181
  },
  "language": "python",
  "saved_at": 1772743107.2698987
}