{
  "id": "1703a4ad-f0d7-45eb-9b92-f8957d996120",
  "generation": 26,
  "iteration": 895,
  "current_iteration": 900,
  "metrics": {
    "combined_score": 0.5500283020503699,
    "BLUE score": 0.5500283020503699
  },
  "language": "python",
  "timestamp": 1776072682.343235,
  "saved_at": 1776072768.4180388
}