{
  "id": "1c261ac6-2581-4502-bab0-ed9a596b99bf",
  "generation": 8,
  "iteration": 230,
  "current_iteration": 400,
  "metrics": {
    "combined_score": 0.428836681078127
  },
  "language": "python",
  "timestamp": 1769059672.6274266,
  "saved_at": 1769063814.6268039
}