{
  "id": "576669e3-54cd-4b58-81db-360a6328b909",
  "generation": 10,
  "iteration": 430,
  "current_iteration": 900,
  "metrics": {
    "combined_score": 0.46181123783427364,
    "BLUE score": 0.46181123783427364
  },
  "language": "python",
  "timestamp": 1772685184.2500436,
  "saved_at": 1772729557.8276324
}