{
  "id": "1f0ca5ee-e4a3-4c51-8512-b935f6afa260",
  "generation": 2,
  "iteration": 14,
  "current_iteration": 20,
  "metrics": {
    "combined_score": 0.49150227023699133
  },
  "language": "python",
  "timestamp": 1766039162.4756713,
  "saved_at": 1766039205.284968
}