{
  "id": "1bf25128-362d-4132-aa61-b06ed5a76acf",
  "generation": 6,
  "iteration": 215,
  "current_iteration": 400,
  "metrics": {
    "error": 0.0,
    "timeout": true
  },
  "language": "python",
  "timestamp": 1769083177.3564405,
  "saved_at": 1769098154.3433604
}