{
  "id": "e8b8ae5e-5806-4850-9214-ffbbb2be1690",
  "generation": 12,
  "iteration": 573,
  "current_iteration": 600,
  "metrics": {
    "combined_score": 0.4238831414735486
  },
  "language": "python",
  "timestamp": 1769471822.5349383,
  "saved_at": 1769472148.9115562
}