{
  "id": "fecdb410-a500-4cc6-acf2-ef40972d7096",
  "generation": 1,
  "iteration": 6,
  "current_iteration": 10,
  "metrics": {
    "combined_score": 0.21400609020201677
  },
  "language": "python",
  "timestamp": 1766039089.8385878,
  "saved_at": 1766039115.8855002
}