{
  "id": "b009c646-c0cc-4549-9531-32f0fcb7ac31",
  "generation": 4,
  "iteration": 27,
  "current_iteration": 35,
  "metrics": {
    "runs_successfully": 1.0,
    "value_score": 0.9996859395082323,
    "distance_score": 0.9995014273305506,
    "combined_score": 1.499540096929922,
    "reliability_score": 1.0
  },
  "language": "python",
  "timestamp": 1763417579.9104273,
  "saved_at": 1763417743.0619886
}