{
  "id": "d3db24b9-bd3e-4678-8e75-4110553c540d",
  "generation": 1,
  "iteration": 12,
  "timestamp": 1770074860.0506556,
  "parent_id": "5342f3ad-f537-4b6f-989b-5f2c26b07ebf",
  "metrics": {
    "combined_score": 0.6110011659101408,
    "avg_bleu_score": 0.4208114096535355,
    "avg_meteor_score": 0.725450553496792,
    "avg_sentences_length_score": 0.6867415345800947
  },
  "language": "python",
  "saved_at": 1770117095.082519
}