{
  "id": "87f67981-9848-4642-b777-c2870ee7f1c2",
  "generation": 1,
  "iteration": 5,
  "current_iteration": 5,
  "metrics": {
    "combined_score": 6.980785775375689e-78
  },
  "language": "python",
  "timestamp": 1764807368.0147173,
  "saved_at": 1764807368.0209613
}