{
  "id": "0131e14b-fad5-4343-9167-0379fdf0513a",
  "generation": 0,
  "iteration": 0,
  "current_iteration": 5,
  "metrics": {
    "combined_score": 0.07842645134956622
  },
  "language": "python",
  "timestamp": 1765889666.9251294,
  "saved_at": 1765889672.7595983
}