{"island_feature_maps": [{"5-0": "da135088-8dfb-4444-b0f9-439af04b8e3a", "9-5": "e68d8b24-6cc1-484c-bda9-84f01a3730a8", "6-0": "5a049ea4-982c-48cf-b766-43a1fde7d3d3", "9-0": "72fd2110-7e5b-46da-b21f-e0bb6d07627f"}, {}, {}, {}], "islands": [["5a049ea4-982c-48cf-b766-43a1fde7d3d3", "e68d8b24-6cc1-484c-bda9-84f01a3730a8", "72fd2110-7e5b-46da-b21f-e0bb6d07627f", "da135088-8dfb-4444-b0f9-439af04b8e3a"], [], [], []], "archive": ["5a049ea4-982c-48cf-b766-43a1fde7d3d3", "e68d8b24-6cc1-484c-bda9-84f01a3730a8", "72fd2110-7e5b-46da-b21f-e0bb6d07627f", "da135088-8dfb-4444-b0f9-439af04b8e3a"], "best_program_id": "e68d8b24-6cc1-484c-bda9-84f01a3730a8", "island_best_programs": ["e68d8b24-6cc1-484c-bda9-84f01a3730a8", null, null, null], "last_iteration": 5, "current_island": 0, "island_generations": [4, 0, 0, 0], "last_migration_generation": 0, "feature_stats": {"complexity": {"min": 286.0, "max": 1263.0, "values": [286.0, 1263.0, 955.0, 1196.0, 286.0, 1196.0, 1263.0, 955.0, 286.0, 1193.0]}, "diversity": {"min": 101.45, "max": 331.2, "values": [331.2, 169.1, 134.93333333333334, 300.53333333333336, 134.93333333333334, 331.2, 169.1, 300.53333333333336, 101.45]}}}