{
  "id": "4054420c-89f3-4079-83ff-f3930d957b64",
  "generation": 4,
  "iteration": 38,
  "current_iteration": 100,
  "metrics": {
    "combined_score": 0.37080184279000145
  },
  "language": "python",
  "timestamp": 1769452860.6564054,
  "saved_at": 1769454418.8641148
}