{
  "id": "185f7013-397f-4ecf-bf44-1191b07f7a83",
  "generation": 2,
  "iteration": 69,
  "current_iteration": 100,
  "metrics": {
    "combined_score": 0.53581855016698
  },
  "language": "python",
  "timestamp": 1769073526.673699,
  "saved_at": 1769074070.8961353
}