{
  "id": "1c383931-71bc-41f3-9008-fd1518061f2c",
  "generation": 12,
  "iteration": 475,
  "current_iteration": 500,
  "metrics": {
    "combined_score": 0.4191510646240018
  },
  "language": "python",
  "timestamp": 1769082284.505915,
  "saved_at": 1769083139.1407306
}