{
  "id": "f9c598eb-e5e5-4296-9c5d-d742ecf65e57",
  "generation": 1,
  "iteration": 3,
  "current_iteration": 100,
  "metrics": {
    "combined_score": 0.4229816469748963
  },
  "language": "python",
  "timestamp": 1768409676.2747936,
  "saved_at": 1768411221.9984522
}