{
  "id": "283e2007-cac6-4c96-a6b1-6ae6e11af4ca",
  "generation": 9,
  "iteration": 310,
  "current_iteration": 400,
  "metrics": {
    "combined_score": 0.43957862778178125
  },
  "language": "python",
  "timestamp": 1769079216.2979903,
  "saved_at": 1769081841.0102732
}