{
  "id": "9825ff3e-129c-47c1-99b8-35b823c79bcb",
  "generation": 0,
  "iteration": 0,
  "current_iteration": 100,
  "metrics": {
    "error": 0.0,
    "timeout": true
  },
  "language": "python",
  "timestamp": 1774817222.06113,
  "saved_at": 1774851770.500378
}