{
  "id": "5cb6705c-01a7-45a9-9f0e-adf3de148ed1",
  "generation": 2,
  "iteration": 24,
  "current_iteration": 500,
  "metrics": {
    "error": 0.0,
    "timeout": true
  },
  "language": "python",
  "timestamp": 1769083802.4892178,
  "saved_at": 1769098228.7917898
}