{
  "id": "3f69cbdb-2bdf-44fe-a88a-10cd418e34eb",
  "generation": 15,
  "iteration": 492,
  "current_iteration": 500,
  "metrics": {
    "combined_score": 0.5168629784086287,
    "BLUE score": 0.5168629784086287
  },
  "language": "python",
  "timestamp": 1776013103.9897847,
  "saved_at": 1776013224.427532
}