{"island_feature_maps": [{"5-0": "a6372268-33f9-417c-9d8c-6e014cb5caab", "9-5": "76645612-7357-4c4c-bf02-10aef29c02ab", "9-9": "439a69c9-ecf3-469a-ba1a-7ce3c6181b7a", "7-0": "e2ba6e5d-c1fe-418b-855f-8a6e4f55b296"}], "islands": [["63581740-7343-4239-b136-576ea75f52a0", "6cd8c386-e314-46ec-b4db-53c4da65095d", "439a69c9-ecf3-469a-ba1a-7ce3c6181b7a", "e2ba6e5d-c1fe-418b-855f-8a6e4f55b296", "76645612-7357-4c4c-bf02-10aef29c02ab", "840cb0ca-ae40-4ff4-9318-e291d56a8f79", "f85572dc-977f-43f6-9d82-05a291f8ad21", "a6372268-33f9-417c-9d8c-6e014cb5caab"]], "archive": ["63581740-7343-4239-b136-576ea75f52a0", "6cd8c386-e314-46ec-b4db-53c4da65095d", "439a69c9-ecf3-469a-ba1a-7ce3c6181b7a", "e2ba6e5d-c1fe-418b-855f-8a6e4f55b296", "76645612-7357-4c4c-bf02-10aef29c02ab", "840cb0ca-ae40-4ff4-9318-e291d56a8f79", "f85572dc-977f-43f6-9d82-05a291f8ad21", "a6372268-33f9-417c-9d8c-6e014cb5caab"], "best_program_id": "439a69c9-ecf3-469a-ba1a-7ce3c6181b7a", "island_best_programs": ["439a69c9-ecf3-469a-ba1a-7ce3c6181b7a"], "last_iteration": 10, "current_island": 0, "island_generations": [7], "last_migration_generation": 0, "feature_stats": {"complexity": {"min": 267.0, "max": 1138.0, "values": [267.0, 684.0, 684.0, 684.0, 684.0, 684.0, 1138.0, 931.0]}, "diversity": {"min": 81.15714285714286, "max": 194.51666666666668, "values": [106.7, 106.7, 106.7, 106.7, 106.7, 194.51666666666668, 81.15714285714286]}}}