{
  "id": "fb591c2e-cc71-4914-bc1c-207d738d2805",
  "generation": 3,
  "iteration": 76,
  "current_iteration": 100,
  "metrics": {
    "combined_score": 0.37170987718747184
  },
  "language": "python",
  "timestamp": 1769073259.4460137,
  "saved_at": 1769073946.252721
}