{
  "id": "b47f6fa3-7798-42fd-b51e-e82631cad5dd",
  "generation": 30,
  "iteration": 998,
  "timestamp": 1776042067.0755255,
  "parent_id": "cf9038ba-eb5d-4ae6-affc-ca9a85b3a817",
  "metrics": {
    "combined_score": 0.39139512155848255,
    "BLUE score": 0.39139512155848255
  },
  "language": "python",
  "saved_at": 1776042094.805365
}