{
  "id": "86892bef-956c-418d-9551-8adb75485ffd",
  "generation": 2,
  "iteration": 39,
  "current_iteration": 100,
  "metrics": {
    "combined_score": 0.3183506914060426
  },
  "language": "python",
  "timestamp": 1769055027.4921567,
  "saved_at": 1769056351.964456
}