{
  "id": "c8949333-8c1b-4dd2-9b8b-adf215904cce",
  "generation": 9,
  "iteration": 515,
  "current_iteration": 700,
  "metrics": {
    "combined_score": 0.2874272711874186
  },
  "language": "python",
  "timestamp": 1769066380.3095229,
  "saved_at": 1769071274.205253
}