{
  "id": "3148ca42-3df4-4196-85e4-dce47bba817c",
  "generation": 5,
  "iteration": 95,
  "current_iteration": 100,
  "metrics": {
    "combined_score": 0.6096836097515379
  },
  "language": "python",
  "timestamp": 1765409350.2883716,
  "saved_at": 1765409459.7804034
}