{
  "id": "daef13e0-7ca1-4416-b347-92dccc6a7741",
  "generation": 4,
  "iteration": 65,
  "current_iteration": 100,
  "metrics": {
    "combined_score": 0.15065117509242487,
    "BLUE score": 0.15065117509242487
  },
  "language": "python",
  "timestamp": 1770860143.0368469,
  "saved_at": 1770861547.8490002
}