{
  "id": "6d46929d-ac85-4b4c-9601-eb63ad79002b",
  "generation": 6,
  "iteration": 198,
  "current_iteration": 200,
  "metrics": {
    "combined_score": 0.42495649296231125,
    "BLUE score": 0.42495649296231125
  },
  "language": "python",
  "timestamp": 1772664911.8667812,
  "saved_at": 1772665026.7813659
}