{
  "id": "379c97ba-d696-48b9-a341-2a22fdbe2dd4",
  "generation": 3,
  "iteration": 48,
  "current_iteration": 50,
  "metrics": {
    "validity": 1.0,
    "sum_radii": 2.0517288250486394,
    "target_ratio": 0.778644715388478,
    "combined_score": 0.778644715388478,
    "radius_variance": 0.004128506095541489,
    "spatial_spread": 0.1902780581468195,
    "eval_time": 0.3649866580963135
  },
  "language": "python",
  "timestamp": 1768430029.2468114,
  "saved_at": 1768430056.6665351
}