{
  "id": "2c1f5ff8-8941-415c-ac94-7bf86e470c94",
  "generation": 6,
  "iteration": 98,
  "current_iteration": 100,
  "metrics": {
    "combined_score": 0.44286035306592303,
    "BLUE score": 0.44286035306592303
  },
  "language": "python",
  "timestamp": 1776043840.8953407,
  "saved_at": 1776043873.6497824
}