{
  "id": "edfc9932-3d2f-49a5-a9ab-de2831a5f998",
  "generation": 18,
  "iteration": 640,
  "current_iteration": 800,
  "metrics": {
    "combined_score": 0.4930400753264351,
    "BLUE score": 0.4930400753264351
  },
  "language": "python",
  "timestamp": 1776087985.040447,
  "saved_at": 1776090618.0202527
}