{
  "id": "032792c6-64fe-4d6e-a594-e0460075a412",
  "generation": 29,
  "iteration": 647,
  "current_iteration": 700,
  "metrics": {
    "combined_score": 0.49505180715906316,
    "BLUE score": 0.49505180715906316
  },
  "language": "python",
  "timestamp": 1776052372.003158,
  "saved_at": 1776053157.233791
}