{
  "id": "4939a7c8-dd25-498f-80d4-144819cd62dd",
  "generation": 2,
  "iteration": 7,
  "current_iteration": 10,
  "metrics": {
    "combined_score": 0.5156083826461041
  },
  "language": "python",
  "timestamp": 1767656843.5553288,
  "saved_at": 1767656913.537202
}