{"island_feature_maps": [{"5-0": "772a9824-3e11-445e-8004-8f363ac875fb", "9-5": "f711685d-b677-4a0d-8298-4b98e7c61c99", "9-9": "47eea03a-e361-454f-9f90-b31690b68fb6"}], "islands": [["f8f95332-8531-434c-b366-e3e3d3c4167e", "c299684c-1d60-44fe-ad97-30163d17ead8", "f4864e3b-93ba-4b46-8900-90eb3489159c", "d4e21300-6493-4037-b912-fd966954d23c", "56dacda8-a1db-49b8-b97d-15da9c8aac2c", "f711685d-b677-4a0d-8298-4b98e7c61c99", "47eea03a-e361-454f-9f90-b31690b68fb6", "772a9824-3e11-445e-8004-8f363ac875fb"]], "archive": ["f8f95332-8531-434c-b366-e3e3d3c4167e", "c299684c-1d60-44fe-ad97-30163d17ead8", "f4864e3b-93ba-4b46-8900-90eb3489159c", "d4e21300-6493-4037-b912-fd966954d23c", "56dacda8-a1db-49b8-b97d-15da9c8aac2c", "f711685d-b677-4a0d-8298-4b98e7c61c99", "47eea03a-e361-454f-9f90-b31690b68fb6", "772a9824-3e11-445e-8004-8f363ac875fb"], "best_program_id": "47eea03a-e361-454f-9f90-b31690b68fb6", "island_best_programs": ["47eea03a-e361-454f-9f90-b31690b68fb6"], "last_iteration": 10, "current_island": 0, "island_generations": [7], "last_migration_generation": 0, "feature_stats": {"complexity": {"min": 267.0, "max": 1461.0, "values": [267.0, 684.0, 684.0, 684.0, 684.0, 684.0, 1461.0, 931.0]}, "diversity": {"min": 84.48571428571428, "max": 219.48333333333332, "values": [106.7, 106.7, 106.7, 106.7, 106.7, 219.48333333333332, 84.48571428571428]}}}