{
  "id": "34b1a9b0-f130-481a-96c6-eef335fafa1f",
  "generation": 0,
  "iteration": 0,
  "current_iteration": 100,
  "metrics": {
    "error": 0.0,
    "timeout": true
  },
  "language": "python",
  "timestamp": 1774817222.0411615,
  "saved_at": 1774848537.1947877
}