{
  "id": "343b0627-2abc-4e7f-9766-941f97490390",
  "generation": 8,
  "iteration": 320,
  "current_iteration": 350,
  "metrics": {
    "combined_score": 0.5687654071742825
  },
  "language": "python",
  "timestamp": 1767667766.3781307,
  "saved_at": 1767669007.0106423
}