{
  "id": "1b01ebcd-1ef3-4ab4-9f72-e57655d5112b",
  "generation": 4,
  "iteration": 51,
  "current_iteration": 70,
  "metrics": {
    "combined_score": 0.6077522317386658
  },
  "language": "python",
  "timestamp": 1765408119.0539641,
  "saved_at": 1765408686.4820964
}