{
  "id": "e5fb5f05-636e-430d-8609-30f74b5121fc",
  "generation": 1,
  "iteration": 5,
  "timestamp": 1770072865.9681172,
  "parent_id": "c9dbb1e6-017a-4944-94b3-f899eda0e3f1",
  "metrics": {
    "combined_score": 0.6270002939819828,
    "avg_bleu_score": 0.4417358070911425,
    "avg_meteor_score": 0.7525235402747111,
    "avg_sentences_length_score": 0.6867415345800947
  },
  "language": "python",
  "saved_at": 1770073313.7874887
}