{
  "id": "c3855983-ebc8-4fdc-b24c-11b4afacc542",
  "generation": 3,
  "iteration": 236,
  "current_iteration": 300,
  "metrics": {
    "combined_score": 0.4364093645582625
  },
  "language": "python",
  "timestamp": 1769076533.9271066,
  "saved_at": 1769078654.4313092
}