{
  "id": "c0fc57e0-f140-4711-97dc-2dd5be54ed1b",
  "generation": 24,
  "iteration": 976,
  "timestamp": 1776094212.1609151,
  "parent_id": "006bf237-841d-4634-9702-388a8bb3e856",
  "metrics": {
    "combined_score": 0.49585906949942143,
    "BLUE score": 0.49585906949942143
  },
  "language": "python",
  "saved_at": 1776094651.2410858
}