{
  "id": "c4d385b5-0a0e-4066-84fa-cf724a842781",
  "generation": 24,
  "iteration": 674,
  "current_iteration": 700,
  "metrics": {
    "combined_score": 0.38056593207046874,
    "BLUE score": 0.38056593207046874
  },
  "language": "python",
  "timestamp": 1776035931.8344758,
  "saved_at": 1776036452.3133469
}