{
  "id": "5a6a3241-e3cd-4958-92ad-7abc6932afd2",
  "generation": 5,
  "iteration": 114,
  "current_iteration": 300,
  "metrics": {
    "combined_score": 0.2422950819672131,
    "BLUE score": 0.31659015482265995
  },
  "language": "python",
  "timestamp": 1774877529.2364917,
  "saved_at": 1774905240.739498
}