{
  "id": "2b3e7618-623c-47e0-8572-11420b19ed65",
  "generation": 2,
  "iteration": 368,
  "current_iteration": 1000,
  "metrics": {
    "error": 0.0,
    "timeout": true
  },
  "language": "python",
  "timestamp": 1769456899.5182571,
  "saved_at": 1769465309.6644435
}