{
  "id": "dc4ede06-86d8-445e-bae8-3eb9a8a1bf5d",
  "generation": 1,
  "iteration": 2,
  "current_iteration": 100,
  "metrics": {
    "combined_score": 0.21624030476600573
  },
  "language": "python",
  "timestamp": 1765890577.9528565,
  "saved_at": 1765896086.8118954
}