{
  "id": "992152fb-7dec-4cdc-a81d-b7e9a08beb37",
  "generation": 8,
  "iteration": 74,
  "current_iteration": 90,
  "metrics": {
    "combined_score": 0.5366491127831924
  },
  "language": "python",
  "timestamp": 1766040194.3588712,
  "saved_at": 1766040579.9143937
}