{
  "id": "245c4c28-9b40-4fc5-9cbf-21a9cc91adff",
  "generation": 3,
  "iteration": 46,
  "current_iteration": 45,
  "metrics": {
    "runs_successfully": 1.0,
    "value_score": 0.9985032788051167,
    "distance_score": 0.9708981138855711,
    "combined_score": 1.4857816103523445,
    "reliability_score": 1.0
  },
  "language": "python",
  "timestamp": 1764077329.8573837,
  "saved_at": 1764077334.2750776
}