{
  "id": "b34e7311-b95c-4146-bb7f-35eaab27cf49",
  "generation": 2,
  "iteration": 10,
  "current_iteration": 10,
  "metrics": {
    "combined_score": 0.564184689466293
  },
  "language": "python",
  "timestamp": 1765406436.9466913,
  "saved_at": 1765406437.3296273
}