{
  "id": "a2454ca1-c2a7-4ea2-a49c-f086dcbc08f2",
  "generation": 8,
  "iteration": 622,
  "current_iteration": 900,
  "metrics": {
    "combined_score": 0.3435283999782926
  },
  "language": "python",
  "timestamp": 1769065695.6794786,
  "saved_at": 1769069971.7748017
}