{
  "id": "6d6cd3a4-f964-4937-a90d-271d08cd44ee",
  "generation": 9,
  "iteration": 584,
  "current_iteration": 600,
  "metrics": {
    "combined_score": 0.3404002031280402
  },
  "language": "python",
  "timestamp": 1769065110.5772853,
  "saved_at": 1769065385.6345153
}