{
  "id": "7feee18a-b0d4-4eae-b23e-d1020f40fb64",
  "generation": 10,
  "iteration": 893,
  "current_iteration": 1000,
  "metrics": {
    "combined_score": 0.2875278866877075
  },
  "language": "python",
  "timestamp": 1769077770.1335154,
  "saved_at": 1769081584.205032
}