{
  "id": "79f29472-5573-4dd6-a3ad-e14c70c2aad2",
  "generation": 1,
  "iteration": 8,
  "current_iteration": 10,
  "metrics": {
    "combined_score": 0.4419214392242094
  },
  "language": "python",
  "timestamp": 1765402624.0306377,
  "saved_at": 1765402624.037542
}