{
  "id": "3ab1a103-3220-4165-adc8-aac74e8fc22c",
  "generation": 24,
  "iteration": 487,
  "current_iteration": 500,
  "metrics": {
    "combined_score": 0.4816987375437396,
    "BLUE score": 0.4816987375437396
  },
  "language": "python",
  "timestamp": 1776050015.1659524,
  "saved_at": 1776050241.7148237
}