{
  "id": "75dba32a-40ee-47b1-873b-d11157dbed5c",
  "generation": 6,
  "iteration": 82,
  "current_iteration": 100,
  "metrics": {
    "combined_score": 0.407511384450621
  },
  "language": "python",
  "timestamp": 1769466462.7902262,
  "saved_at": 1769466714.5453653
}