{
  "id": "c32b92e0-5eb6-4dfc-b84b-d439bfe2d276",
  "generation": 17,
  "iteration": 315,
  "current_iteration": 400,
  "metrics": {
    "combined_score": 0.37080422192515194,
    "BLUE score": 0.37080422192515194
  },
  "language": "python",
  "timestamp": 1776028917.876612,
  "saved_at": 1776030460.8023558
}