{
  "id": "26c8765f-e078-41ab-8c5f-8dc71f33c983",
  "generation": 4,
  "iteration": 28,
  "current_iteration": 40,
  "metrics": {
    "combined_score": 0.6026018665346212
  },
  "language": "python",
  "timestamp": 1765407492.6985047,
  "saved_at": 1765407771.6740596
}