{
  "id": "f6e0728d-fcec-4392-9921-d2992a687e36",
  "generation": 0,
  "iteration": 0,
  "current_iteration": 100,
  "metrics": {
    "error": 0.0,
    "timeout": true
  },
  "language": "python",
  "timestamp": 1774817222.0331357,
  "saved_at": 1774845505.605011
}