{
  "id": "e4d46ea3-8cbb-47af-bc75-027a5b9acb9e",
  "generation": 0,
  "iteration": 0,
  "timestamp": 1765282623.2811384,
  "parent_id": null,
  "metrics": {
    "combined_score": 0.2456513665827076
  },
  "language": "python",
  "saved_at": 1765282855.750517
}