{
  "id": "bc782a3c-a9cf-42ec-8356-7d233e2e89f4",
  "generation": 14,
  "iteration": 760,
  "current_iteration": 800,
  "metrics": {
    "combined_score": 0.546750341521858,
    "BLUE score": 0.546750341521858
  },
  "language": "python",
  "timestamp": 1776017822.4385073,
  "saved_at": 1776018489.9981515
}