{
  "id": "2db59ff1-156a-4e88-b66c-958a52e110d8",
  "generation": 4,
  "iteration": 86,
  "current_iteration": 100,
  "metrics": {
    "combined_score": 0.33620154592452794
  },
  "language": "python",
  "timestamp": 1769080449.0573988,
  "saved_at": 1769080645.4641802
}