{
  "id": "d1529b23-1f65-4822-a850-bd3c72558705",
  "generation": 9,
  "iteration": 267,
  "current_iteration": 300,
  "metrics": {
    "combined_score": 0.45845212970208216
  },
  "language": "python",
  "timestamp": 1768413417.523265,
  "saved_at": 1768413813.4874182
}