{
  "id": "68a3d3fa-5248-407c-9428-0575a16042d9",
  "generation": 10,
  "iteration": 957,
  "current_iteration": 1000,
  "metrics": {
    "combined_score": 0.34550505449573377
  },
  "language": "python",
  "timestamp": 1769070903.0983603,
  "saved_at": 1769071548.4059637
}