{
  "id": "c0fc57e0-f140-4711-97dc-2dd5be54ed1b",
  "generation": 24,
  "iteration": 976,
  "current_iteration": 1000,
  "metrics": {
    "combined_score": 0.49585906949942143,
    "BLUE score": 0.49585906949942143
  },
  "language": "python",
  "timestamp": 1776094212.1609151,
  "saved_at": 1776094651.0012572
}