{
  "id": "06839c5c-cc60-42e7-b384-fa8c29bc5b65",
  "generation": 1,
  "iteration": 1,
  "current_iteration": 5,
  "metrics": {
    "runs_successfully": 1.0,
    "value_score": 0.8525316812003989,
    "distance_score": 0.2487191253874112,
    "combined_score": 0.49061710475149595,
    "reliability_score": 1.0
  },
  "language": "python",
  "timestamp": 1763417180.7288628,
  "saved_at": 1763417235.4883924
}