{"island_feature_maps": [{"5-0": "9a4ac024-f6f3-45ba-a104-126e998638da", "9-5": "06839c5c-cc60-42e7-b384-fa8c29bc5b65", "9-0": "0bcfd3ea-8aa2-4666-b31c-f77fbbc0213a", "5-9": "63530542-ca32-4b38-b1d2-e17807466926"}, {}, {}], "islands": [["0bcfd3ea-8aa2-4666-b31c-f77fbbc0213a", "3a066b7e-4728-4160-94ad-331218c2df8a", "5924343c-52b2-4ba0-bb8e-1bcf11fd409e", "9a4ac024-f6f3-45ba-a104-126e998638da", "63530542-ca32-4b38-b1d2-e17807466926", "06839c5c-cc60-42e7-b384-fa8c29bc5b65", "a24ff8d6-cc92-4f03-9a38-c6b633c9a8d1"], [], []], "archive": ["0bcfd3ea-8aa2-4666-b31c-f77fbbc0213a", "3a066b7e-4728-4160-94ad-331218c2df8a", "5924343c-52b2-4ba0-bb8e-1bcf11fd409e", "9a4ac024-f6f3-45ba-a104-126e998638da", "63530542-ca32-4b38-b1d2-e17807466926", "06839c5c-cc60-42e7-b384-fa8c29bc5b65", "a24ff8d6-cc92-4f03-9a38-c6b633c9a8d1"], "best_program_id": "06839c5c-cc60-42e7-b384-fa8c29bc5b65", "island_best_programs": ["06839c5c-cc60-42e7-b384-fa8c29bc5b65", null, null], "last_iteration": 5, "current_island": 1, "island_generations": [3, 3, 0], "last_migration_generation": 0, "feature_stats": {"complexity": {"min": 1169.0, "max": 2537.0, "values": [1169.0, 1897.0, 1897.0, 1897.0, 1897.0, 1897.0, 1169.0, 1897.0, 1897.0, 2417.0, 1897.0, 2417.0, 1897.0, 1897.0, 1169.0, 1897.0, 1897.0, 1897.0, 2417.0, 1897.0, 1897.0, 1169.0, 1897.0, 1897.0, 2537.0]}, "diversity": {"min": 197.04999999999998, "max": 245.30000000000004, "values": [245.3, 245.3, 245.3, 245.3, 245.3, 245.30000000000004, 245.3, 245.3, 234.325, 245.3, 234.325, 245.3, 245.3, 245.30000000000004, 245.3, 245.3, 245.3, 234.325, 245.3, 245.3, 245.30000000000004, 245.3, 245.3, 197.04999999999998]}}}