{
  "id": "05479a0d-6fa7-430a-981c-9e3010793a8c",
  "generation": 1,
  "iteration": 5,
  "current_iteration": 5,
  "metrics": {
    "combined_score": 0.44739708086841107,
    "BLUE score": 0.44739708086841107
  },
  "language": "python",
  "timestamp": 1772742723.7203283,
  "saved_at": 1772742723.7334013
}