{
  "id": "d1096e3f-406e-40d2-a3d4-9782a78d4a84",
  "generation": 0,
  "iteration": 0,
  "timestamp": 1763063356.5415504,
  "parent_id": null,
  "metrics": {
    "runs_successfully": 1.0,
    "value_score": 0.4479930012674103,
    "distance_score": 0.23910049028188793,
    "combined_score": 0.2915487974985611
  },
  "language": "python",
  "saved_at": 1763063418.8409045
}