{
  "id": "96e7eef4-f062-4c68-b7b9-ae9e43d149c2",
  "generation": 1,
  "iteration": 7,
  "timestamp": 1763410353.3230655,
  "parent_id": "6aa4e0b8-dd56-4da7-a7fd-369499eb3601",
  "metrics": {
    "runs_successfully": 1.0,
    "value_score": 0.9996837564423203,
    "distance_score": 0.9988662633196013,
    "combined_score": 1.499252635825561,
    "reliability_score": 1.0
  },
  "language": "python",
  "saved_at": 1763410353.368803
}