{
  "id": "261194fd-1848-45a9-a523-e69a0b33408b",
  "generation": 0,
  "iteration": 0,
  "timestamp": 1763218950.0588162,
  "parent_id": null,
  "metrics": {
    "runs_successfully": 1.0,
    "value_score": 0.4479930012674103,
    "distance_score": 0.23910049028188793,
    "combined_score": 0.2915487974985611
  },
  "language": "python",
  "saved_at": 1763219010.656754
}