{
  "id": "cc52f26c-627b-4ee1-b4d2-58df69d808d9",
  "generation": 4,
  "iteration": 90,
  "timestamp": 1764077833.7516315,
  "parent_id": "4529d428-4ed0-431a-addb-2ecf4faa88eb",
  "metrics": {
    "runs_successfully": 1.0,
    "value_score": 0.9993943607995148,
    "distance_score": 0.9838214523457777,
    "combined_score": 1.492265424155236,
    "reliability_score": 1.0
  },
  "language": "python",
  "saved_at": 1764077919.0847993
}