{
  "id": "00019a4a-fab6-42f8-a15d-a27da51c70f8",
  "generation": 0,
  "iteration": 0,
  "timestamp": 1763664280.837612,
  "parent_id": null,
  "metrics": {
    "runs_successfully": 1.0,
    "value_score": 0.4479930012674103,
    "distance_score": 0.23910049028188793,
    "combined_score": 0.2915487974985611
  },
  "language": "python",
  "saved_at": 1763664321.0084326
}