{
  "id": "fd73a0df-802f-49f7-82be-45ea0b53bfd3",
  "generation": 9,
  "iteration": 283,
  "current_iteration": 300,
  "metrics": {
    "combined_score": 0.47042186611499703,
    "BLUE score": 0.47042186611499703
  },
  "language": "python",
  "timestamp": 1776063161.3897839,
  "saved_at": 1776063465.2682412
}