{
  "id": "ff791816-0f68-42f4-b9d6-a4c26571d185",
  "generation": 7,
  "iteration": 288,
  "current_iteration": 300,
  "metrics": {
    "validity": 1.0,
    "sum_radii": 2.143946067679607,
    "target_ratio": 0.8136417714154107,
    "combined_score": 0.8136417714154107,
    "radius_variance": 0.001078557820906839,
    "spatial_spread": 0.19052940992430648,
    "eval_time": 0.5511374473571777
  },
  "language": "python",
  "timestamp": 1768434765.9227283,
  "saved_at": 1768435015.138512
}