{"island_feature_maps": [{"5-0": "4613836e-2dd8-4e7e-9d76-a26eb38073b1", "9-5": "156b385e-e73e-4ccd-b412-5c765bd0678d", "7-0": "d6c75a06-75c0-4267-ae48-2a029e56d84e"}, {}, {}], "islands": [["1cd666b0-d259-4ae2-a894-5498ed5c0efa", "156b385e-e73e-4ccd-b412-5c765bd0678d", "d6c75a06-75c0-4267-ae48-2a029e56d84e", "4613836e-2dd8-4e7e-9d76-a26eb38073b1", "2b44e81d-d825-4e07-9260-103d20d89a5b"], [], []], "archive": ["1cd666b0-d259-4ae2-a894-5498ed5c0efa", "156b385e-e73e-4ccd-b412-5c765bd0678d", "d6c75a06-75c0-4267-ae48-2a029e56d84e", "4613836e-2dd8-4e7e-9d76-a26eb38073b1", "2b44e81d-d825-4e07-9260-103d20d89a5b"], "best_program_id": "d6c75a06-75c0-4267-ae48-2a029e56d84e", "island_best_programs": ["d6c75a06-75c0-4267-ae48-2a029e56d84e", null, null], "last_iteration": 5, "current_island": 1, "island_generations": [2, 2, 1], "last_migration_generation": 0, "feature_stats": {"complexity": {"min": 1169.0, "max": 1323.0, "values": [1169.0, 1323.0, 1282.0, 1282.0, 1169.0, 1282.0, 1282.0, 1323.0, 1169.0, 1282.0, 1282.0, 1282.0, 1323.0, 1282.0, 1169.0, 1282.0]}, "diversity": {"min": 18.950000000000003, "max": 35.9, "values": [35.9, 18.950000000000003, 18.950000000000003, 27.166666666666668, 18.950000000000003, 18.950000000000003, 35.9, 27.166666666666668, 18.950000000000003, 18.950000000000003, 18.950000000000003, 35.9, 18.950000000000003, 27.166666666666668, 18.950000000000003]}}}