{
  "id": "3beca2b5-53c4-46e2-b23a-a90577b2deb7",
  "generation": 1,
  "iteration": 4,
  "current_iteration": 10,
  "metrics": {
    "combined_score": 0.2895023147403688
  },
  "language": "python",
  "timestamp": 1767650925.2204258,
  "saved_at": 1767651090.629924
}