{
  "id": "be73a6e0-6ab7-446f-ac1f-f0c9370b6657",
  "generation": 4,
  "iteration": 71,
  "current_iteration": 100,
  "metrics": {
    "combined_score": 0.5594045295749173
  },
  "language": "python",
  "timestamp": 1767659445.347239,
  "saved_at": 1767660147.2274914
}