{
  "id": "ce0b1b40-47f9-45ff-b6e8-46bb6d0bb55f",
  "generation": 3,
  "iteration": 32,
  "timestamp": 1762986975.3677213,
  "parent_id": "73dacbc1-a62d-4201-a53d-0f172d4eb41d",
  "metrics": {
    "runs_successfully": 1.0,
    "value_score": 0.9996859395097185,
    "distance_score": 0.9995013847417811,
    "combined_score": 1.49954007776609,
    "reliability_score": 1.0
  },
  "language": "python",
  "saved_at": 1762987898.2434618
}