{
  "id": "a1cd9a18-deb3-4b58-a80e-d66dd1136b3a",
  "generation": 8,
  "iteration": 293,
  "current_iteration": 300,
  "metrics": {
    "combined_score": 0.40533044468896456
  },
  "language": "python",
  "timestamp": 1769078568.2284398,
  "saved_at": 1769078754.6403716
}