{
  "id": "787c0982-d995-45b1-965d-b56336e0d756",
  "generation": 15,
  "iteration": 846,
  "current_iteration": 900,
  "metrics": {
    "combined_score": 0.5498123418314933,
    "BLUE score": 0.5498123418314933
  },
  "language": "python",
  "timestamp": 1776019433.9671483,
  "saved_at": 1776020570.6952596
}