{
  "id": "e68d8b24-6cc1-484c-bda9-84f01a3730a8",
  "generation": 1,
  "iteration": 2,
  "current_iteration": 5,
  "metrics": {
    "combined_score": 0.10400249983165287
  },
  "language": "python",
  "timestamp": 1768329811.0308256,
  "saved_at": 1768329843.6145515
}