{
  "id": "672996fd-1ed3-4c19-8602-ad1e5df2789e",
  "generation": 23,
  "iteration": 763,
  "current_iteration": 800,
  "metrics": {
    "combined_score": 0.5485807430894446,
    "BLUE score": 0.5485807430894446
  },
  "language": "python",
  "timestamp": 1776070653.9197161,
  "saved_at": 1776071229.4866858
}