{
  "id": "c934c2f0-352f-4c16-8831-71709e10a5ba",
  "generation": 0,
  "iteration": 0,
  "current_iteration": 100,
  "metrics": {
    "error": 0.0,
    "timeout": true
  },
  "language": "python",
  "timestamp": 1774817222.0521019,
  "saved_at": 1774851593.8460155
}