{
  "id": "8e5cb89d-212e-458a-a15a-f109e86bf92f",
  "generation": 27,
  "iteration": 982,
  "timestamp": 1776074003.7156687,
  "parent_id": "542c6b68-da24-4c17-9841-2470d2190883",
  "metrics": {
    "combined_score": 0.5571086768199186,
    "BLUE score": 0.5571086768199186
  },
  "language": "python",
  "saved_at": 1776074230.6918843
}