{
  "id": "7e487151-f940-4601-9ffa-49c6d63958c9",
  "generation": 2,
  "iteration": 10,
  "current_iteration": 10,
  "metrics": {
    "combined_score": 0.5550658096656382
  },
  "language": "python",
  "timestamp": 1765403783.650245,
  "saved_at": 1765403792.336604
}