{"island_feature_maps": [{"5-0": "2cd554f9-b864-4515-b152-e747d18cadd5", "9-5": "082de17b-73d8-4477-a09b-d3907af42746", "9-0": "7e487151-f940-4601-9ffa-49c6d63958c9"}], "islands": [["7e487151-f940-4601-9ffa-49c6d63958c9", "082de17b-73d8-4477-a09b-d3907af42746", "2cd554f9-b864-4515-b152-e747d18cadd5", "9e99aa7c-96ff-4310-865b-dcec1f78a61a"]], "archive": ["7e487151-f940-4601-9ffa-49c6d63958c9", "082de17b-73d8-4477-a09b-d3907af42746", "2cd554f9-b864-4515-b152-e747d18cadd5", "9e99aa7c-96ff-4310-865b-dcec1f78a61a"], "best_program_id": "7e487151-f940-4601-9ffa-49c6d63958c9", "island_best_programs": ["7e487151-f940-4601-9ffa-49c6d63958c9"], "last_iteration": 10, "current_island": 0, "island_generations": [3], "last_migration_generation": 0, "feature_stats": {"complexity": {"min": 267.0, "max": 5726.0, "values": [267.0, 5726.0, 5726.0, 5713.0]}, "diversity": {"min": 372.7333333333333, "max": 1116.9, "values": [1116.9, 1116.9, 372.7333333333333]}}}