{
  "id": "89b833b7-8470-4323-92a3-2eb7ffc306f8",
  "generation": 4,
  "iteration": 29,
  "current_iteration": 30,
  "metrics": {
    "runs_successfully": 1.0,
    "value_score": 0.9996859395135453,
    "distance_score": 0.9995011098832653,
    "combined_score": 1.4995399540826284,
    "reliability_score": 1.0
  },
  "language": "python",
  "timestamp": 1762986923.4017122,
  "saved_at": 1762986924.8730483
}