{
  "id": "931585dc-2c26-4a4d-a298-872a341a10fd",
  "generation": 11,
  "iteration": 561,
  "current_iteration": 600,
  "metrics": {
    "combined_score": 0.5241005141554519,
    "BLUE score": 0.5241005141554519
  },
  "language": "python",
  "timestamp": 1776014250.8715827,
  "saved_at": 1776014918.9726915
}