{
  "id": "1f454a52-b549-48ac-a9dd-ddf84d44f57c",
  "generation": 1,
  "iteration": 2,
  "current_iteration": 10,
  "metrics": {
    "combined_score": 0.3951344404729764
  },
  "language": "python",
  "timestamp": 1765408850.9529183,
  "saved_at": 1765408886.5249593
}