{
  "id": "59d9a5e2-9308-46e9-9f1d-2e45c8544c37",
  "generation": 1,
  "iteration": 2,
  "current_iteration": 10,
  "metrics": {
    "combined_score": 0.5555099407790369
  },
  "language": "python",
  "timestamp": 1765284245.8849285,
  "saved_at": 1765284423.0786865
}