{
  "id": "d4fa8eda-0ef9-4dcf-b771-a24b5dbf8670",
  "generation": 13,
  "iteration": 689,
  "current_iteration": 800,
  "metrics": {
    "combined_score": 0.4248369324530204
  },
  "language": "python",
  "timestamp": 1769473487.945967,
  "saved_at": 1769474989.6541786
}