{
  "id": "d8151459-05f9-46fd-92c2-2a1e79b0346e",
  "generation": 1,
  "iteration": 1,
  "timestamp": 1770074162.708121,
  "parent_id": "7e8a258e-b2fb-4f97-ac91-36798dec2545",
  "metrics": {
    "combined_score": 0.5453897240436809,
    "avg_bleu_score": 0.2849523630565412,
    "avg_meteor_score": 0.6721173418750344,
    "avg_sentences_length_score": 0.6790994671994672
  },
  "language": "python",
  "saved_at": 1770114741.07197
}