{
  "id": "f7732f97-006e-468e-8bcb-f4e498a00013",
  "generation": 10,
  "iteration": 506,
  "current_iteration": 700,
  "metrics": {
    "error": 0.0,
    "timeout": true
  },
  "language": "python",
  "timestamp": 1769083841.1288562,
  "saved_at": 1769087831.2345872
}