{
  "id": "f055a0eb-94b5-4c56-8d12-598e66c2e346",
  "generation": 0,
  "iteration": 0,
  "current_iteration": 5,
  "metrics": {
    "combined_score": 0.2456513665827076
  },
  "language": "python",
  "timestamp": 1765233789.9435987,
  "saved_at": 1765233816.5009196
}