{
  "id": "97a5433a-e918-4d8d-80f4-af874d97873f",
  "generation": 1,
  "iteration": 1,
  "current_iteration": 5,
  "metrics": {
    "combined_score": 0.5545577100096475
  },
  "language": "python",
  "timestamp": 1764807162.6435182,
  "saved_at": 1764807175.2284067
}