{
  "id": "1874864c-d489-44b8-b38b-3101b5167964",
  "generation": 2,
  "iteration": 5,
  "current_iteration": 5,
  "metrics": {
    "combined_score": 0.5093516947226694
  },
  "language": "python",
  "timestamp": 1767656806.9283705,
  "saved_at": 1767656806.9663117
}