{"island_feature_maps": [{"5-0": "23cca5ef-6ea1-4dd0-8310-16cf2a2642c9", "9-5": "6b4ccec6-37b5-4249-92e6-67bb090a263b"}, {}, {}], "islands": [["98281f8b-95db-4140-91cf-f40731142af4", "6b4ccec6-37b5-4249-92e6-67bb090a263b", "79f357fd-dc9d-425f-bcf6-68623dad42c3", "b9edb74d-a396-4606-bbfc-1d80b620210a", "23cca5ef-6ea1-4dd0-8310-16cf2a2642c9", "b0ff009f-71e5-4b0d-9607-8079f9799d48", "58aa45ca-fde7-4eef-934d-685aa0c50d30", "fed428c3-3dd9-43fa-9628-295e816c68c5", "3666b22f-9d29-4203-b454-c9a870c95368", "7486ca60-d563-4e7f-85d7-d1642d4100f8"], [], []], "archive": ["98281f8b-95db-4140-91cf-f40731142af4", "6b4ccec6-37b5-4249-92e6-67bb090a263b", "79f357fd-dc9d-425f-bcf6-68623dad42c3", "b9edb74d-a396-4606-bbfc-1d80b620210a", "23cca5ef-6ea1-4dd0-8310-16cf2a2642c9", "b0ff009f-71e5-4b0d-9607-8079f9799d48", "58aa45ca-fde7-4eef-934d-685aa0c50d30", "fed428c3-3dd9-43fa-9628-295e816c68c5", "3666b22f-9d29-4203-b454-c9a870c95368", "7486ca60-d563-4e7f-85d7-d1642d4100f8"], "best_program_id": "6b4ccec6-37b5-4249-92e6-67bb090a263b", "island_best_programs": ["6b4ccec6-37b5-4249-92e6-67bb090a263b", null, null], "last_iteration": 10, "current_island": 2, "island_generations": [4, 3, 3], "last_migration_generation": 0, "feature_stats": {"complexity": {"min": 1237.0, "max": 1421.0, "values": [1237.0, 1421.0, 1421.0, 1421.0, 1421.0, 1237.0, 1237.0, 1421.0, 1421.0, 1421.0, 1421.0, 1421.0, 1421.0, 1421.0, 1421.0, 1421.0]}, "diversity": {"min": 20.400000000000002, "max": 20.400000000000002, "values": [20.400000000000002, 20.400000000000002, 20.400000000000002, 20.400000000000002, 20.400000000000002, 20.400000000000002, 20.400000000000002, 20.400000000000002, 20.400000000000002, 20.400000000000002, 20.400000000000002, 20.400000000000002, 20.400000000000002, 20.400000000000002, 20.400000000000002]}}}