{
  "id": "e1af5253-8572-4fc5-8804-246688cbc985",
  "generation": 0,
  "iteration": 0,
  "current_iteration": 100,
  "metrics": {
    "error": 0.0,
    "timeout": true
  },
  "language": "python",
  "timestamp": 1774817222.0301738,
  "saved_at": 1774858531.4576633
}