{
  "id": "09ca29a1-75a5-4eea-a9b8-c1a1bd47f32a",
  "generation": 8,
  "iteration": 328,
  "current_iteration": 350,
  "metrics": {
    "validity": 1.0,
    "sum_radii": 2.159137464474042,
    "target_ratio": 0.8194070073905284,
    "combined_score": 0.8194070073905284,
    "radius_variance": 0.0011259053142901347,
    "spatial_spread": 0.1904663986752057,
    "eval_time": 1.3257794380187988
  },
  "language": "python",
  "timestamp": 1768435616.5355885,
  "saved_at": 1768436119.29326
}