{
  "id": "d6c75a06-75c0-4267-ae48-2a029e56d84e",
  "generation": 1,
  "iteration": 4,
  "timestamp": 1764024862.4006343,
  "parent_id": "4613836e-2dd8-4e7e-9d76-a26eb38073b1",
  "metrics": {
    "runs_successfully": 1.0,
    "value_score": 0.4851063427787537,
    "distance_score": 0.4052352938940857,
    "combined_score": 0.5211316117086194
  },
  "language": "python",
  "saved_at": 1764024898.634808
}