{"island_feature_maps": [{"5-0": "23cca5ef-6ea1-4dd0-8310-16cf2a2642c9", "9-5": "6b4ccec6-37b5-4249-92e6-67bb090a263b"}, {}, {}], "islands": [["6b4ccec6-37b5-4249-92e6-67bb090a263b", "23cca5ef-6ea1-4dd0-8310-16cf2a2642c9", "58aa45ca-fde7-4eef-934d-685aa0c50d30", "3666b22f-9d29-4203-b454-c9a870c95368", "7486ca60-d563-4e7f-85d7-d1642d4100f8"], [], []], "archive": ["6b4ccec6-37b5-4249-92e6-67bb090a263b", "23cca5ef-6ea1-4dd0-8310-16cf2a2642c9", "58aa45ca-fde7-4eef-934d-685aa0c50d30", "3666b22f-9d29-4203-b454-c9a870c95368", "7486ca60-d563-4e7f-85d7-d1642d4100f8"], "best_program_id": "6b4ccec6-37b5-4249-92e6-67bb090a263b", "island_best_programs": ["6b4ccec6-37b5-4249-92e6-67bb090a263b", null, null], "last_iteration": 5, "current_island": 0, "island_generations": [3, 1, 1], "last_migration_generation": 0, "feature_stats": {"complexity": {"min": 1237.0, "max": 1421.0, "values": [1237.0, 1421.0, 1421.0, 1421.0, 1421.0, 1237.0, 1237.0, 1421.0, 1421.0, 1421.0, 1421.0]}, "diversity": {"min": 20.400000000000002, "max": 20.400000000000002, "values": [20.400000000000002, 20.400000000000002, 20.400000000000002, 20.400000000000002, 20.400000000000002, 20.400000000000002, 20.400000000000002, 20.400000000000002, 20.400000000000002, 20.400000000000002]}}}