{
  "id": "df20ed82-5f54-4831-8d5e-4863d67bcd19",
  "generation": 9,
  "iteration": 140,
  "current_iteration": 200,
  "metrics": {
    "error": 0.0,
    "timeout": true
  },
  "language": "python",
  "timestamp": 1769456900.2537975,
  "saved_at": 1769459460.7789829
}