{
  "id": "463181d4-0b87-406e-898c-ed0ee4d96b51",
  "generation": 0,
  "iteration": 0,
  "current_iteration": 100,
  "metrics": {
    "error": 0.0,
    "timeout": true
  },
  "language": "python",
  "timestamp": 1774817222.0454693,
  "saved_at": 1774849093.4967687
}