{
  "id": "c50aab01-2db5-4c53-8d12-031408409ced",
  "generation": 1,
  "iteration": 1,
  "current_iteration": 5,
  "metrics": {
    "combined_score": 0.3212999587227216
  },
  "language": "python",
  "timestamp": 1765402587.964694,
  "saved_at": 1765402597.7388043
}