{
  "id": "a91c2ec3-3357-4adc-b89d-72ee75e89b74",
  "generation": 28,
  "iteration": 851,
  "current_iteration": 900,
  "metrics": {
    "combined_score": 0.3893865814533059,
    "BLUE score": 0.3893865814533059
  },
  "language": "python",
  "timestamp": 1776039220.1829193,
  "saved_at": 1776040118.2408147
}