{
  "id": "27e9c8d6-14f7-4650-8af3-65b2482e58cd",
  "generation": 4,
  "iteration": 87,
  "current_iteration": 100,
  "metrics": {
    "combined_score": 0.39431423120987735,
    "BLUE score": 0.39431423120987735
  },
  "language": "python",
  "timestamp": 1770861635.1256988,
  "saved_at": 1770862594.7912946
}