{
  "id": "8389c916-3cf7-4bd4-8317-4fa1e9d17323",
  "generation": 21,
  "iteration": 388,
  "current_iteration": 400,
  "metrics": {
    "combined_score": 0.4771382559664034,
    "BLUE score": 0.4771382559664034
  },
  "language": "python",
  "timestamp": 1776048503.6180613,
  "saved_at": 1776048675.473016
}