{
  "id": "55e98388-6609-482c-ae14-c869c7d2b51b",
  "generation": 0,
  "iteration": 0,
  "current_iteration": 100,
  "metrics": {
    "error": 0.0,
    "timeout": true
  },
  "language": "python",
  "timestamp": 1774817222.0236638,
  "saved_at": 1774855480.3847115
}