{
  "domain": "Airport",
  "metrics": {
    "bleu": 0.4318770095072063,
    "meteor": 0.6895450804151695,
    "senlen": 0.6543859649122807,
    "bleurt": 0.3017067483119797,
    "themis": 0.0
  }
}
