{
  "domain": "Building",
  "metrics": {
    "bleu": 0.42202228635616323,
    "meteor": 0.6244517177897094,
    "senlen": 0.8043478260869567,
    "bleurt": 0.038134676269323056,
    "google/gemma-4-31B-it": 1.0,
    "openai/gpt-oss-120b": 0.0,
    "PKU-ONELab/Themis": 0.9347826086956521,
    "gramatic": 0.5869565217391305,
    "ommisions": 0.0,
    "additions": 0.0
  }
}
