{
  "domain": "Airport",
  "metrics": {
    "bleu": 0.4344843486937407,
    "meteor": 0.7262994219959475,
    "senlen": 0.40877192982456134,
    "bleurt": 0.3700576651514622,
    "themis": 0.9747368421052631
  }
}
