path,PKU-ONELab/Themis,Qwen/Qwen3.6-35B-A3B-FP8,additions,bleu,bleurt,domain,google/gemma-4-31B-it,gramatic,meteor,ommisions,senlen
3_sm1ifeyp_fp4/Building_output/scores.json,0.9565217391304348,0.8782608695652174,0.0,0.4167911398386454,0.021360148959185764,Building,1.0,0.5869565217391305,0.6231338183530718,0.0,0.8043478260869567
