{
  "id": "880f23ca-b041-4b7a-bd00-c5304d773815",
  "generation": 22,
  "iteration": 689,
  "current_iteration": 700,
  "metrics": {
    "combined_score": 0.5374144443604678,
    "BLUE score": 0.5374144443604678
  },
  "language": "python",
  "timestamp": 1776069622.435891,
  "saved_at": 1776069740.9168825
}