{
  "id": "4f6f9f48-cc19-42ff-ae6c-f39e0fe87d8f",
  "generation": 1,
  "iteration": 17,
  "current_iteration": 20,
  "metrics": {
    "runs_successfully": 1.0,
    "value_score": 0.9417587299889709,
    "distance_score": 0.7565915427363771,
    "combined_score": 1.2147685971231066
  },
  "language": "python",
  "timestamp": 1764077078.6607125,
  "saved_at": 1764077103.7654376
}