{"island_feature_maps": [{"5-0": "f61c6e23-b58f-4d9e-85ca-8a05bcde3c20", "5-5": "10e6096b-4a04-4e91-a970-d9a4c632cda0", "9-9": "4f6f9f48-cc19-42ff-ae6c-f39e0fe87d8f", "0-0": "6ce9c561-a18d-4b6b-b753-1e40f13dad9a"}, {}, {}], "islands": [["4f6f9f48-cc19-42ff-ae6c-f39e0fe87d8f", "10e6096b-4a04-4e91-a970-d9a4c632cda0", "25bd62f1-a5e9-411d-8d52-96861acabc48", "62e32fe3-354d-4372-8ecb-d01955969e05", "94688890-7ca6-40cc-a3ca-e96a2a6023ea", "289b3104-0b03-4537-8219-8ddcff3a7940", "5f1d09cc-1ced-471a-8806-699479b064b4", "f61c6e23-b58f-4d9e-85ca-8a05bcde3c20", "1025161e-ba62-4feb-bc7b-47cdf127d757", "c23f4bca-796d-470d-bfc2-219c64ae6421", "6ce9c561-a18d-4b6b-b753-1e40f13dad9a", "d3f10978-a33a-420a-b904-88d5b5ca85a6", "42edd6ea-ed6c-4533-838f-d50eca56fc95"], ["4b2fbcda-8197-4433-876b-c5505b402e39"], []], "archive": ["4f6f9f48-cc19-42ff-ae6c-f39e0fe87d8f", "10e6096b-4a04-4e91-a970-d9a4c632cda0", "25bd62f1-a5e9-411d-8d52-96861acabc48", "62e32fe3-354d-4372-8ecb-d01955969e05", "94688890-7ca6-40cc-a3ca-e96a2a6023ea", "289b3104-0b03-4537-8219-8ddcff3a7940", "5f1d09cc-1ced-471a-8806-699479b064b4", "f61c6e23-b58f-4d9e-85ca-8a05bcde3c20", "1025161e-ba62-4feb-bc7b-47cdf127d757", "c23f4bca-796d-470d-bfc2-219c64ae6421", "6ce9c561-a18d-4b6b-b753-1e40f13dad9a", "d3f10978-a33a-420a-b904-88d5b5ca85a6", "42edd6ea-ed6c-4533-838f-d50eca56fc95"], "best_program_id": "4f6f9f48-cc19-42ff-ae6c-f39e0fe87d8f", "island_best_programs": ["4f6f9f48-cc19-42ff-ae6c-f39e0fe87d8f", null, null], "last_iteration": 20, "current_island": 1, "island_generations": [6, 4, 3], "last_migration_generation": 0, "feature_stats": {"complexity": {"min": 1169.0, "max": 1464.0, "values": [1169.0, 1169.0, 1169.0, 1169.0, 1169.0, 1169.0, 1169.0, 1169.0, 1169.0, 1169.0, 1169.0, 1169.0, 1169.0, 1169.0, 1169.0, 1169.0, 1169.0, 1169.0, 1169.0, 1169.0, 1169.0, 1169.0, 1169.0, 1169.0, 1169.0, 1169.0, 1169.0, 1169.0, 1169.0, 1169.0, 1300.0, 1169.0, 1169.0, 1169.0, 1169.0, 1300.0, 1169.0, 1169.0, 1169.0, 1169.0, 1169.0, 1169.0, 1464.0, 1169.0, 1464.0, 1169.0, 1169.0, 1169.0, 1169.0, 1169.0, 1169.0, 1169.0, 1169.0, 1169.0, 1169.0, 1169.0, 1169.0]}, "diversity": {"min": 0.0, "max": 59.76363636363636, "values": [0.0, 0.0, 0.0, 0.0, 0.0, 0.0, 0.0, 0.0, 0.0, 0.0, 0.0, 0.0, 0.0, 0.0, 0.0, 0.0, 0.0, 0.0, 0.0, 0.0, 0.0, 0.0, 0.0, 0.0, 0.0, 0.0, 0.0, 0.0, 0.0, 24.6, 0.0, 0.0, 0.0, 0.0, 24.6, 0.0, 0.0, 0.0, 0.0, 0.0, 0.0, 59.76363636363636, 0.0, 59.76363636363636, 0.0, 0.0, 0.0, 0.0, 0.0, 0.0, 0.0, 0.0, 0.0, 0.0, 0.0, 0.0]}}}