{
  "id": "e6286b0e-4911-407b-8631-d297f29b916f",
  "generation": 1,
  "iteration": 4,
  "current_iteration": 200,
  "metrics": {
    "combined_score": 0.42565233180872725,
    "avg_bleu_score": 0.42565233180872725,
    "avg_meteor_score": 0.6989167695671015,
    "avg_sentences_length_score": 0.6867415345800947
  },
  "language": "python",
  "timestamp": 1769990502.8946645,
  "saved_at": 1770000840.4046302
}