{
  "id": "c4097d57-79a2-48ee-92ef-e4ebad4a5e1c",
  "generation": 9,
  "iteration": 254,
  "current_iteration": 300,
  "metrics": {
    "combined_score": 0.47146382057590974,
    "BLUE score": 0.47146382057590974
  },
  "language": "python",
  "timestamp": 1776046467.70124,
  "saved_at": 1776047228.696817
}