{
  "id": "1f2c4a8a-43dd-4653-87e2-f321c2ac438d",
  "generation": 20,
  "iteration": 487,
  "current_iteration": 500,
  "metrics": {
    "combined_score": 0.5293966639855341,
    "BLUE score": 0.5293966639855341
  },
  "language": "python",
  "timestamp": 1776066404.627421,
  "saved_at": 1776066679.033546
}