{
  "id": "3eb36974-ffee-4b81-b2ec-007bb77f9952",
  "generation": 13,
  "iteration": 846,
  "current_iteration": 1000,
  "metrics": {
    "combined_score": 0.42554089415194224
  },
  "language": "python",
  "timestamp": 1769475723.783316,
  "saved_at": 1769477624.0289004
}