{
  "id": "c41dcd9c-28b8-4f61-bcbe-56a241294852",
  "generation": 2,
  "iteration": 7,
  "current_iteration": 10,
  "metrics": {
    "combined_score": 0.5558946274952498
  },
  "language": "python",
  "timestamp": 1764807187.7895677,
  "saved_at": 1764807202.9135733
}