{
  "id": "2addd9c2-9721-4eaf-9045-f3eaa639ddbc",
  "generation": 14,
  "iteration": 955,
  "current_iteration": 1000,
  "metrics": {
    "combined_score": 0.43048515515715663,
    "avg_bleu_score": 0.43048515515715663,
    "avg_meteor_score": 0.6990735843613443,
    "avg_sentences_length_score": 0.8789266490314663
  },
  "language": "python",
  "timestamp": 1770031361.8488998,
  "saved_at": 1770033513.4082646
}