{
  "id": "a2f248c3-137f-47b7-82ec-c496834a559f",
  "generation": 7,
  "iteration": 955,
  "timestamp": 1770881364.9687574,
  "parent_id": "0acba7db-8272-4eb9-90e6-079698a66310",
  "metrics": {
    "combined_score": 0.20020562613713735,
    "BLUE score": 0.20020562613713735
  },
  "language": "python",
  "saved_at": 1770882715.342565
}