{"island_feature_maps": [{"5-0": "2f4b20aa-2620-41a7-a626-a18ddc5ffea0", "9-5": "18155bb7-f1f4-473b-8ad0-d23691ae814b", "9-0": "b34e7311-b95c-4146-bb7f-35eaab27cf49"}], "islands": [["04053780-8525-4be3-844f-aa639e57df76", "9ea749a5-2f57-4831-b179-5390a7b3ced3", "e617c5af-e803-4e65-bd57-bad2d5e484b4", "18155bb7-f1f4-473b-8ad0-d23691ae814b", "b87cee65-e6d8-4d59-84c5-81362829d316", "2f4e7f9f-9b0b-4f46-97ce-62872d0f9cb1", "2f4b20aa-2620-41a7-a626-a18ddc5ffea0", "b34e7311-b95c-4146-bb7f-35eaab27cf49"]], "archive": ["04053780-8525-4be3-844f-aa639e57df76", "9ea749a5-2f57-4831-b179-5390a7b3ced3", "e617c5af-e803-4e65-bd57-bad2d5e484b4", "18155bb7-f1f4-473b-8ad0-d23691ae814b", "b87cee65-e6d8-4d59-84c5-81362829d316", "2f4e7f9f-9b0b-4f46-97ce-62872d0f9cb1", "2f4b20aa-2620-41a7-a626-a18ddc5ffea0", "b34e7311-b95c-4146-bb7f-35eaab27cf49"], "best_program_id": "b34e7311-b95c-4146-bb7f-35eaab27cf49", "island_best_programs": ["b34e7311-b95c-4146-bb7f-35eaab27cf49"], "last_iteration": 10, "current_island": 0, "island_generations": [9], "last_migration_generation": 0, "feature_stats": {"complexity": {"min": 267.0, "max": 5726.0, "values": [267.0, 5726.0, 5726.0, 5726.0, 5726.0, 5726.0, 5726.0, 5709.0, 5713.0, 5689.0]}, "diversity": {"min": 126.64444444444445, "max": 1116.9, "values": [1116.9, 1116.9, 1116.9, 1116.9, 1116.9, 1116.9, 160.77142857142857, 140.475, 126.64444444444445]}}}