{
  "id": "e53d347a-b2b6-43f9-82b4-46986a6c1a12",
  "generation": 8,
  "iteration": 511,
  "current_iteration": 900,
  "metrics": {
    "combined_score": 0.5470116615913607
  },
  "language": "python",
  "timestamp": 1769081459.666028,
  "saved_at": 1769091022.5260887
}