{
  "id": "81ec012c-e0a7-4fd3-8ead-8b68c277561f",
  "generation": 14,
  "iteration": 346,
  "current_iteration": 400,
  "metrics": {
    "combined_score": 0.5075762601731757,
    "BLUE score": 0.5075762601731757
  },
  "language": "python",
  "timestamp": 1776064125.4465346,
  "saved_at": 1776065067.871949
}