{
  "id": "42cb1111-43cc-4581-9839-1db3217c3963",
  "generation": 3,
  "iteration": 197,
  "current_iteration": 1000,
  "metrics": {
    "error": 0.0,
    "timeout": true
  },
  "language": "python",
  "timestamp": 1769456868.7570202,
  "saved_at": 1769471402.3344436
}