{
  "id": "439a69c9-ecf3-469a-ba1a-7ce3c6181b7a",
  "generation": 1,
  "iteration": 5,
  "current_iteration": 10,
  "metrics": {
    "combined_score": 6.980785775375689e-78
  },
  "language": "python",
  "timestamp": 1764806506.6633954,
  "saved_at": 1764806529.4949138
}