{
  "id": "f02fbd12-4141-4371-87bb-9e2a13d6d5ad",
  "generation": 3,
  "iteration": 22,
  "current_iteration": 25,
  "metrics": {
    "runs_successfully": 1.0,
    "value_score": 0.9996859395124689,
    "distance_score": 0.999501288100867,
    "combined_score": 1.4995400342797418,
    "reliability_score": 1.0
  },
  "language": "python",
  "timestamp": 1763417493.3126676,
  "saved_at": 1763417555.5291235
}