{
  "id": "70ce4715-1e64-49e4-bdc1-0d3132140423",
  "generation": 3,
  "iteration": 33,
  "current_iteration": 40,
  "metrics": {
    "runs_successfully": 1.0,
    "value_score": 0.9894555491594001,
    "distance_score": 0.704788787794403,
    "combined_score": 1.3592466163770314,
    "reliability_score": 1.0
  },
  "language": "python",
  "timestamp": 1764077228.6981976,
  "saved_at": 1764077291.4821022
}