{
  "id": "9b9273e4-2bc9-4eb4-a6da-7a2ffb8cd543",
  "generation": 6,
  "iteration": 123,
  "current_iteration": 800,
  "metrics": {
    "error": 0.0,
    "timeout": true
  },
  "language": "python",
  "timestamp": 1769456895.1943455,
  "saved_at": 1769483843.4102666
}