{
  "id": "a8aa1b5a-441e-45a0-859f-ba7971ba2e2b",
  "generation": 13,
  "iteration": 983,
  "timestamp": 1772737817.2893462,
  "parent_id": "f8a36e95-e693-4e00-8041-d220c0fed3a7",
  "metrics": {
    "combined_score": 0.46370497611834743,
    "BLUE score": 0.46370497611834743
  },
  "language": "python",
  "saved_at": 1772739655.6796322
}