{
  "id": "33f2fc31-f6cc-42a2-8394-baa3b8f088be",
  "generation": 2,
  "iteration": 9,
  "current_iteration": 10,
  "metrics": {
    "combined_score": 0.4671810016883181,
    "BLUE score": 0.4671810016883181
  },
  "language": "python",
  "timestamp": 1772742992.1344056,
  "saved_at": 1772743107.247802
}