{
  "id": "f61c6e23-b58f-4d9e-85ca-8a05bcde3c20",
  "generation": 0,
  "iteration": 0,
  "current_iteration": 10,
  "metrics": {
    "runs_successfully": 1.0,
    "value_score": 0.4479930012674103,
    "distance_score": 0.23910049028188793,
    "combined_score": 0.2915487974985611
  },
  "language": "python",
  "timestamp": 1764076950.8929684,
  "saved_at": 1764077029.6130948
}