{
  "id": "54704ab1-c35a-44f9-9cc5-03017eb60232",
  "generation": 15,
  "iteration": 642,
  "current_iteration": 700,
  "metrics": {
    "combined_score": 0.4970353521674696
  },
  "language": "python",
  "timestamp": 1768418146.5081358,
  "saved_at": 1768418900.6142473
}