{
  "id": "4fc25075-44da-45e0-b804-91a56c6aad0e",
  "generation": 6,
  "iteration": 291,
  "current_iteration": 300,
  "metrics": {
    "combined_score": 0.33626968470073476
  },
  "language": "python",
  "timestamp": 1769060166.2131765,
  "saved_at": 1769060308.223764
}