{
  "id": "96ea63cc-e983-42c0-9d32-cfab30ba5039",
  "generation": 4,
  "iteration": 58,
  "current_iteration": 70,
  "metrics": {
    "validity": 1.0,
    "sum_radii": 1.26467228197663,
    "target_ratio": 0.479951530161909,
    "combined_score": 0.479951530161909,
    "radius_variance": 0.018362209683167992,
    "spatial_spread": 0.1841912211486954
  },
  "language": "python",
  "timestamp": 1768427172.4980378,
  "saved_at": 1768427368.2045617
}