{
  "id": "b9510bae-8e99-41c2-8289-ee48ddc7367c",
  "generation": 1,
  "iteration": 4,
  "current_iteration": 300,
  "metrics": {
    "error": 0.0,
    "timeout": true
  },
  "language": "python",
  "timestamp": 1769456927.4331958,
  "saved_at": 1769465915.7751465
}