{
  "id": "05512c87-c1b6-4fd8-8227-99ea1cd61d4f",
  "generation": 6,
  "iteration": 902,
  "timestamp": 1774267654.2698383,
  "parent_id": "29686424-bc2d-423a-82dc-30bf8bbb83e1",
  "metrics": {
    "combined_score": 0.9891965869389947,
    "BLUE score": 0.3910239731620782
  },
  "language": "python",
  "saved_at": 1774272737.2591019
}