{
  "id": "a1c337b4-4ae5-400a-9c3d-9e425c31fc2f",
  "generation": 12,
  "iteration": 475,
  "current_iteration": 500,
  "metrics": {
    "combined_score": 0.4230394151139029
  },
  "language": "python",
  "timestamp": 1769470840.2851727,
  "saved_at": 1769471074.9449756
}