{
  "id": "821effe7-750a-45ed-a176-f5ae0f09891f",
  "generation": 3,
  "iteration": 5,
  "current_iteration": 5,
  "metrics": {
    "combined_score": 4.542376377317924,
    "BLUE score": 0.4342924104963529
  },
  "language": "python",
  "timestamp": 1774124851.71281,
  "saved_at": 1774124851.7233458
}