{
  "id": "821effe7-750a-45ed-a176-f5ae0f09891f",
  "generation": 3,
  "iteration": 5,
  "timestamp": 1774124851.71281,
  "parent_id": "d5d43164-2381-4ece-8f02-058987e04477",
  "metrics": {
    "combined_score": 4.542376377317924,
    "BLUE score": 0.4342924104963529
  },
  "language": "python",
  "saved_at": 1774125384.8592253
}