{
  "id": "523aef45-4a3a-4b8c-8581-72fddb932255",
  "generation": 16,
  "iteration": 488,
  "current_iteration": 750,
  "metrics": {
    "combined_score": 0.6265512184031058
  },
  "language": "python",
  "timestamp": 1767675776.4097962,
  "saved_at": 1767686082.0889158
}