{
  "id": "ab0e12dd-9161-400b-bae3-f4f99d463518",
  "generation": 2,
  "iteration": 15,
  "current_iteration": 15,
  "metrics": {
    "runs_successfully": 1.0,
    "value_score": 0.9996859395134587,
    "distance_score": 0.999501117326145,
    "combined_score": 1.4995399574318593,
    "reliability_score": 1.0
  },
  "language": "python",
  "timestamp": 1763417397.2440107,
  "saved_at": 1763417397.2906995
}