{
  "id": "d0334200-ca90-4c2f-8d88-101f46a2db3c",
  "generation": 0,
  "iteration": 0,
  "current_iteration": 100,
  "metrics": {
    "error": 0.0,
    "timeout": true
  },
  "language": "python",
  "timestamp": 1774817221.9699473,
  "saved_at": 1774845104.3781595
}