{
  "id": "5a409445-7685-408d-b363-53fa066d94e4",
  "generation": 10,
  "iteration": 239,
  "current_iteration": 300,
  "metrics": {
    "combined_score": 0.4230328545099312
  },
  "language": "python",
  "timestamp": 1769468175.510627,
  "saved_at": 1769469016.010284
}