{
  "id": "12f6dabd-0fa3-4b44-902d-1cda7180cd52",
  "generation": 10,
  "iteration": 394,
  "current_iteration": 400,
  "metrics": {
    "validity": 1.0,
    "sum_radii": 2.160092226656438,
    "target_ratio": 0.819769345979673,
    "combined_score": 0.819769345979673,
    "radius_variance": 0.0009268222970228654,
    "spatial_spread": 0.19013011526480456,
    "eval_time": 1.1837108135223389
  },
  "language": "python",
  "timestamp": 1768437144.3940487,
  "saved_at": 1768437275.3824873
}