{"island_feature_maps": [{"5-0": "8f67f248-52e5-4976-b05d-3b85739dbf42", "9-5": "f5353add-b356-4990-8889-555ca8971449", "0-9": "30dfac9d-dd67-4951-b656-5b4165add511", "9-0": "fdaadb21-f772-4b88-b0a5-75de74a34c00"}, {}, {}], "islands": [["fdaadb21-f772-4b88-b0a5-75de74a34c00", "8f67f248-52e5-4976-b05d-3b85739dbf42", "30dfac9d-dd67-4951-b656-5b4165add511", "26b83e94-7df5-49c1-b648-128edd733c2a", "b9d0c4fc-a28b-42eb-bfa5-f2b0d01bb04e", "01a98aa0-4e5f-4348-99bf-91072094b456", "e59b2817-6ed5-4306-a32f-893b353cf450", "d25ba5b2-fc77-421e-a756-de09aeef9092", "bb289822-1f72-4dd9-993a-5d9ff337f277", "f5353add-b356-4990-8889-555ca8971449"], [], []], "archive": ["fdaadb21-f772-4b88-b0a5-75de74a34c00", "8f67f248-52e5-4976-b05d-3b85739dbf42", "30dfac9d-dd67-4951-b656-5b4165add511", "26b83e94-7df5-49c1-b648-128edd733c2a", "b9d0c4fc-a28b-42eb-bfa5-f2b0d01bb04e", "01a98aa0-4e5f-4348-99bf-91072094b456", "e59b2817-6ed5-4306-a32f-893b353cf450", "d25ba5b2-fc77-421e-a756-de09aeef9092", "bb289822-1f72-4dd9-993a-5d9ff337f277", "f5353add-b356-4990-8889-555ca8971449"], "best_program_id": "fdaadb21-f772-4b88-b0a5-75de74a34c00", "island_best_programs": ["fdaadb21-f772-4b88-b0a5-75de74a34c00", null, null], "last_iteration": 15, "current_island": 1, "island_generations": [5, 5, 4], "last_migration_generation": 0, "feature_stats": {"complexity": {"min": 1170.0, "max": 1421.0, "values": [1237.0, 1421.0, 1421.0, 1421.0, 1421.0, 1421.0, 1421.0, 1421.0, 1421.0, 1421.0, 1237.0, 1421.0, 1421.0, 1421.0, 1180.0, 1421.0, 1237.0, 1180.0, 1421.0, 1421.0, 1421.0, 1421.0, 1421.0, 1180.0, 1421.0, 1237.0, 1180.0, 1421.0, 1421.0, 1421.0, 1421.0, 1170.0, 1170.0, 1421.0, 1237.0, 1180.0, 1421.0, 1421.0, 1421.0, 1170.0, 1421.0, 1421.0, 1180.0]}, "diversity": {"min": 20.400000000000002, "max": 144.16666666666666, "values": [20.400000000000002, 20.400000000000002, 20.400000000000002, 20.400000000000002, 20.400000000000002, 20.400000000000002, 20.400000000000002, 20.400000000000002, 20.400000000000002, 20.400000000000002, 20.400000000000002, 20.400000000000002, 20.400000000000002, 144.16666666666666, 20.400000000000002, 20.400000000000002, 144.16666666666666, 20.400000000000002, 20.400000000000002, 20.400000000000002, 20.400000000000002, 20.400000000000002, 144.16666666666666, 20.400000000000002, 20.400000000000002, 144.16666666666666, 20.400000000000002, 20.400000000000002, 20.400000000000002, 20.400000000000002, 133.475, 133.475, 20.400000000000002, 20.400000000000002, 144.16666666666666, 20.400000000000002, 20.400000000000002, 20.400000000000002, 133.475, 20.400000000000002, 20.400000000000002, 144.16666666666666]}}}