{
  "id": "0131e14b-fad5-4343-9167-0379fdf0513a",
  "generation": 0,
  "iteration": 0,
  "timestamp": 1765889666.9251294,
  "parent_id": null,
  "metrics": {
    "combined_score": 0.07842645134956622
  },
  "language": "python",
  "saved_at": 1765889673.2441976
}