{
  "id": "bb27fda1-aacb-41d7-bd3c-30f9dca01927",
  "generation": 0,
  "iteration": 0,
  "timestamp": 1765897465.0121992,
  "parent_id": null,
  "metrics": {
    "combined_score": 0.07842645134956622
  },
  "language": "python",
  "saved_at": 1765897778.4010773
}