{
  "id": "67134e97-3e48-452d-ba8f-37b9f745670f",
  "generation": 3,
  "iteration": 18,
  "current_iteration": 20,
  "metrics": {
    "combined_score": 0.58666876466221
  },
  "language": "python",
  "timestamp": 1765406576.0776944,
  "saved_at": 1765406697.4081967
}