{
  "id": "a854c5b9-aead-4578-b7fc-0de5858a50a2",
  "generation": 1,
  "iteration": 4,
  "current_iteration": 100,
  "metrics": {
    "combined_score": 0.42433831652496323
  },
  "language": "python",
  "timestamp": 1769068151.1695561,
  "saved_at": 1769071521.294983
}