{
  "id": "a8149778-1f93-47db-b22d-fbe5a006d733",
  "generation": 3,
  "iteration": 31,
  "current_iteration": 50,
  "metrics": {
    "combined_score": 0.559175566597912
  },
  "language": "python",
  "timestamp": 1767658212.6762774,
  "saved_at": 1767658860.5261242
}