{
  "id": "4778f508-b03d-44ec-9242-7e5b0c53c5ef",
  "generation": 7,
  "iteration": 449,
  "current_iteration": 500,
  "metrics": {
    "combined_score": 0.3399768980147026
  },
  "language": "python",
  "timestamp": 1769062972.185867,
  "saved_at": 1769063745.297691
}