{
  "id": "a75fbc97-8838-4d9f-ad2c-41871c07428b",
  "generation": 4,
  "iteration": 77,
  "current_iteration": 100,
  "metrics": {
    "combined_score": 0.3660908543635711
  },
  "language": "python",
  "timestamp": 1769455295.5645528,
  "saved_at": 1769455816.8852186
}