{
  "id": "ce0b1b40-47f9-45ff-b6e8-46bb6d0bb55f",
  "generation": 3,
  "iteration": 32,
  "current_iteration": 70,
  "metrics": {
    "runs_successfully": 1.0,
    "value_score": 0.9996859395097185,
    "distance_score": 0.9995013847417811,
    "combined_score": 1.49954007776609,
    "reliability_score": 1.0
  },
  "language": "python",
  "timestamp": 1762986975.3677213,
  "saved_at": 1762987628.1970644
}