{
  "id": "c3024ba5-5263-45e5-8cc2-7c7544cd1715",
  "generation": 6,
  "iteration": 154,
  "current_iteration": 200,
  "metrics": {
    "error": 0.0,
    "timeout": true
  },
  "language": "python",
  "timestamp": 1769456905.389288,
  "saved_at": 1769458288.5597029
}