{
  "id": "36e80773-a0c4-409a-9fe6-49b42538e02a",
  "generation": 7,
  "iteration": 85,
  "current_iteration": 100,
  "metrics": {
    "combined_score": 0.4827444541830303,
    "BLUE score": 0.4827444541830303
  },
  "language": "python",
  "timestamp": 1776005736.4827259,
  "saved_at": 1776005960.8300972
}