{
  "id": "c6eb9977-6186-4467-86d0-fac8d89ff946",
  "generation": 6,
  "iteration": 175,
  "current_iteration": 300,
  "metrics": {
    "combined_score": 0.5419212239497225
  },
  "language": "python",
  "timestamp": 1769075570.5807304,
  "saved_at": 1769077806.3254657
}