{
  "id": "a2f248c3-137f-47b7-82ec-c496834a559f",
  "generation": 7,
  "iteration": 955,
  "current_iteration": 1000,
  "metrics": {
    "combined_score": 0.20020562613713735,
    "BLUE score": 0.20020562613713735
  },
  "language": "python",
  "timestamp": 1770881364.9687574,
  "saved_at": 1770882715.207576
}