{
  "id": "16f97e17-039c-4d43-b373-5751e3f6ccc5",
  "generation": 2,
  "iteration": 270,
  "current_iteration": 1000,
  "metrics": {
    "combined_score": 0.43919469084702134,
    "BLUE score": 0.43919469084702134
  },
  "language": "python",
  "timestamp": 1770867861.2506824,
  "saved_at": 1770893621.883889
}