{
  "id": "17f97c2e-815c-4864-8997-a0e10f1f10d8",
  "generation": 1,
  "iteration": 5,
  "current_iteration": 5,
  "metrics": {
    "runs_successfully": 1.0,
    "value_score": 0.974840943743153,
    "distance_score": 0.8752030962877164,
    "combined_score": 1.4249721011368373,
    "reliability_score": 1.0
  },
  "language": "python",
  "timestamp": 1762985801.6930554,
  "saved_at": 1762985801.7036948
}