{"island_feature_maps": [{"5-0": "16931d47-45b4-470a-b56f-2d01bec44a82", "9-5": "17f97c2e-815c-4864-8997-a0e10f1f10d8"}, {}, {}], "islands": [["16931d47-45b4-470a-b56f-2d01bec44a82", "26a7e7b7-3b0f-48dc-bec8-97dba3969fc3", "17f97c2e-815c-4864-8997-a0e10f1f10d8", "8868edaa-df59-46ee-93c8-4a4588785df6"], [], []], "archive": ["16931d47-45b4-470a-b56f-2d01bec44a82", "26a7e7b7-3b0f-48dc-bec8-97dba3969fc3", "17f97c2e-815c-4864-8997-a0e10f1f10d8", "8868edaa-df59-46ee-93c8-4a4588785df6"], "best_program_id": "17f97c2e-815c-4864-8997-a0e10f1f10d8", "island_best_programs": ["17f97c2e-815c-4864-8997-a0e10f1f10d8", null, null], "last_iteration": 5, "current_island": 1, "island_generations": [3, 2, 1], "last_migration_generation": 0, "feature_stats": {"complexity": {"min": 1237.0, "max": 1421.0, "values": [1237.0, 1421.0, 1421.0, 1421.0, 1421.0, 1421.0, 1421.0, 1237.0, 1421.0, 1421.0, 1421.0, 1421.0]}, "diversity": {"min": 20.400000000000002, "max": 20.400000000000002, "values": [20.400000000000002, 20.400000000000002, 20.400000000000002, 20.400000000000002, 20.400000000000002, 20.400000000000002, 20.400000000000002, 20.400000000000002, 20.400000000000002, 20.400000000000002, 20.400000000000002]}}}