{
  "id": "b47f6fa3-7798-42fd-b51e-e82631cad5dd",
  "generation": 30,
  "iteration": 998,
  "current_iteration": 1000,
  "metrics": {
    "combined_score": 0.39139512155848255,
    "BLUE score": 0.39139512155848255
  },
  "language": "python",
  "timestamp": 1776042067.0755255,
  "saved_at": 1776042094.545674
}