{
  "id": "a8476dd8-ad33-471e-9527-0c7fb91d16b2",
  "generation": 7,
  "iteration": 151,
  "current_iteration": 200,
  "metrics": {
    "combined_score": 0.4639451585216434,
    "BLUE score": 0.4639451585216434
  },
  "language": "python",
  "timestamp": 1776060631.5025427,
  "saved_at": 1776061554.2449903
}