{
  "id": "84858ad7-02f0-4769-b0a5-33407267040a",
  "generation": 5,
  "iteration": 42,
  "current_iteration": 45,
  "metrics": {
    "runs_successfully": 1.0,
    "value_score": 0.999685939501123,
    "distance_score": 0.9995014473623643,
    "combined_score": 1.4995401059389062,
    "reliability_score": 1.0
  },
  "language": "python",
  "timestamp": 1763417867.1866226,
  "saved_at": 1763417911.6819303
}