{
  "id": "fdaadb21-f772-4b88-b0a5-75de74a34c00",
  "generation": 2,
  "iteration": 8,
  "timestamp": 1762985390.7684703,
  "parent_id": "e53f8777-7702-45a7-86c2-5c270faacf93",
  "metrics": {
    "runs_successfully": 1.0,
    "value_score": 0.9844160000857761,
    "distance_score": 0.8938377195573757,
    "combined_score": 1.440538973865151,
    "reliability_score": 1.0
  },
  "language": "python",
  "saved_at": 1762985481.5233529
}