{
  "id": "edba424a-8e9e-45bd-9186-7d97c7f973e7",
  "generation": 9,
  "iteration": 161,
  "current_iteration": 200,
  "metrics": {
    "combined_score": 0.41754671933156146
  },
  "language": "python",
  "timestamp": 1769467307.7519102,
  "saved_at": 1769467734.6293855
}