{
  "id": "2834317e-520f-41a4-b2a6-aac00f96a416",
  "generation": 5,
  "iteration": 386,
  "current_iteration": 400,
  "metrics": {
    "combined_score": 0.33880682987588834
  },
  "language": "python",
  "timestamp": 1769061898.00998,
  "saved_at": 1769062197.2302148
}