{
  "id": "593195c4-0594-44a4-958a-37075510a026",
  "generation": 2,
  "iteration": 7,
  "current_iteration": 100,
  "metrics": {
    "combined_score": 0.4341812476355673
  },
  "language": "python",
  "timestamp": 1769451490.164613,
  "saved_at": 1769455177.9447439
}