{
  "id": "ebba10f0-ba6d-4472-a166-c27a28180839",
  "generation": 1,
  "iteration": 2,
  "current_iteration": 10,
  "metrics": {
    "combined_score": 0.42275932042614656,
    "avg_bleu_score": 0.42275932042614656,
    "avg_meteor_score": 0.6999551714395498,
    "avg_sentences_length_score": 0.6867415345800947
  },
  "language": "python",
  "timestamp": 1769987907.644982,
  "saved_at": 1769988583.6463993
}