{
  "id": "8eeb0086-a06d-4f83-9c11-008cc4dde5e6",
  "generation": 2,
  "iteration": 10,
  "current_iteration": 100,
  "metrics": {
    "combined_score": 0.3658782068718178
  },
  "language": "python",
  "timestamp": 1769073341.082509,
  "saved_at": 1769075690.6710715
}