{
  "id": "ea978404-eba3-479e-9ce8-cdcd10285004",
  "generation": 6,
  "iteration": 340,
  "current_iteration": 900,
  "metrics": {
    "error": 0.0,
    "timeout": true
  },
  "language": "python",
  "timestamp": 1769083849.7946596,
  "saved_at": 1769098385.1059096
}