{
  "id": "4948e14e-f04b-4c1e-b1e3-9c7c78265a20",
  "generation": 3,
  "iteration": 18,
  "current_iteration": 25,
  "metrics": {
    "runs_successfully": 1.0,
    "value_score": 0.9996859395092788,
    "distance_score": 0.9995007233289089,
    "combined_score": 1.4995397801299681,
    "reliability_score": 1.0
  },
  "language": "python",
  "timestamp": 1762986725.6016536,
  "saved_at": 1762986884.847545
}