{
  "id": "92be0a39-d915-4c32-b59c-ae4a46a6629c",
  "generation": 12,
  "iteration": 445,
  "current_iteration": 600,
  "metrics": {
    "error": 0.0,
    "timeout": true
  },
  "language": "python",
  "timestamp": 1769083843.5736277,
  "saved_at": 1769087779.3431914
}