{
  "id": "00dca227-1b3f-49a5-8bbe-9cdaee125413",
  "generation": 5,
  "iteration": 96,
  "current_iteration": 200,
  "metrics": {
    "combined_score": 0.3235546678094782,
    "BLUE score": 0.3235546678094782
  },
  "language": "python",
  "timestamp": 1776024851.85759,
  "saved_at": 1776026903.0698469
}