{
  "id": "bc4ceabd-5d06-41e4-a2fa-e765f20e264d",
  "generation": 10,
  "iteration": 293,
  "current_iteration": 300,
  "metrics": {
    "combined_score": 0.4820485642229156,
    "BLUE score": 0.4820485642229156
  },
  "language": "python",
  "timestamp": 1776080198.028642,
  "saved_at": 1776080334.4046018
}