{
  "id": "2577faf4-c5dd-4b5e-a166-a24d11e19594",
  "generation": 0,
  "iteration": 0,
  "timestamp": 1763661387.7298713,
  "parent_id": null,
  "metrics": {
    "runs_successfully": 1.0,
    "value_score": 0.4479930012674103,
    "distance_score": 0.23910049028188793,
    "combined_score": 0.2915487974985611
  },
  "language": "python",
  "saved_at": 1763661447.951243
}