{
  "id": "5add688f-3d3c-46b6-aecb-3d1b462bce08",
  "generation": 4,
  "iteration": 117,
  "current_iteration": 200,
  "metrics": {
    "combined_score": 0.44916998933086205
  },
  "language": "python",
  "timestamp": 1768411476.9272778,
  "saved_at": 1768412551.582675
}