{
  "id": "def6189d-5b9c-4f1a-ad20-04e0f29853c4",
  "generation": 12,
  "iteration": 499,
  "current_iteration": 500,
  "metrics": {
    "combined_score": 0.46149267985105125
  },
  "language": "python",
  "timestamp": 1768416232.9312685,
  "saved_at": 1768416244.6950567
}