{
  "id": "32a6d933-1471-4c62-bfc8-6d9c3abeec79",
  "generation": 11,
  "iteration": 342,
  "current_iteration": 400,
  "metrics": {
    "combined_score": 0.46092487108310715
  },
  "language": "python",
  "timestamp": 1768414316.1463265,
  "saved_at": 1768415041.4605913
}