{
  "id": "a680c676-6bc4-49ba-b14d-634c4a10a5da",
  "generation": 25,
  "iteration": 717,
  "current_iteration": 800,
  "metrics": {
    "combined_score": 0.3820093915107104,
    "BLUE score": 0.3820093915107104
  },
  "language": "python",
  "timestamp": 1776036760.2315683,
  "saved_at": 1776038312.8463178
}