{
  "id": "02756857-8b22-4ebd-867e-b945cff18495",
  "generation": 3,
  "iteration": 176,
  "current_iteration": 200,
  "metrics": {
    "combined_score": 0.4361285076267982
  },
  "language": "python",
  "timestamp": 1769074176.551243,
  "saved_at": 1769075087.6568365
}