{"island_feature_maps": [{"5-0": "dc9bbfb0-2163-4b65-829f-585943ba5fd3", "9-5": "0cc1e0fe-1e97-4bbd-abf9-01bf6ca9cadc"}, {}, {}], "islands": [["0cc1e0fe-1e97-4bbd-abf9-01bf6ca9cadc", "88aba674-97c5-46fa-a95a-384092721017", "622f8f2f-b98e-401e-89e3-ef7828bcd53b", "dc9bbfb0-2163-4b65-829f-585943ba5fd3", "00176986-4d82-41a7-b11c-c70752910cb9"], [], []], "archive": ["0cc1e0fe-1e97-4bbd-abf9-01bf6ca9cadc", "88aba674-97c5-46fa-a95a-384092721017", "622f8f2f-b98e-401e-89e3-ef7828bcd53b", "dc9bbfb0-2163-4b65-829f-585943ba5fd3", "00176986-4d82-41a7-b11c-c70752910cb9"], "best_program_id": "0cc1e0fe-1e97-4bbd-abf9-01bf6ca9cadc", "island_best_programs": ["0cc1e0fe-1e97-4bbd-abf9-01bf6ca9cadc", null, null], "last_iteration": 5, "current_island": 1, "island_generations": [3, 1, 0], "last_migration_generation": 0, "feature_stats": {"complexity": {"min": 1237.0, "max": 1421.0, "values": [1237.0, 1421.0, 1421.0, 1421.0, 1421.0, 1421.0, 1421.0, 1237.0, 1421.0, 1421.0]}, "diversity": {"min": 20.400000000000002, "max": 20.400000000000002, "values": [20.400000000000002, 20.400000000000002, 20.400000000000002, 20.400000000000002, 20.400000000000002, 20.400000000000002, 20.400000000000002, 20.400000000000002, 20.400000000000002]}}}