{
  "id": "9006210d-00ef-4b0e-9fd6-4f62acf62563",
  "generation": 1,
  "iteration": 3,
  "current_iteration": 100,
  "metrics": {
    "combined_score": 0.5532799854996636
  },
  "language": "python",
  "timestamp": 1765404588.800951,
  "saved_at": 1765405227.3829992
}