{"island_feature_maps": [{"5-0": "ade40270-10a4-40e0-bfdd-14c641c23ebe", "9-5": "9006210d-00ef-4b0e-9fd6-4f62acf62563", "9-0": "0a17210e-bad1-4a95-955e-1202a41f2f15", "9-9": "bc31d22c-2270-4b60-a8cc-00c51d355402"}], "islands": [["cd3d90b6-3a8b-4a36-8523-33c20b554325", "9f9bdc7a-de44-46d8-8ada-b087d27daa6a", "bc31d22c-2270-4b60-a8cc-00c51d355402", "ade40270-10a4-40e0-bfdd-14c641c23ebe", "c8a0ad69-4996-4102-88b8-f4850743a6f9", "9006210d-00ef-4b0e-9fd6-4f62acf62563", "0a17210e-bad1-4a95-955e-1202a41f2f15"]], "archive": ["cd3d90b6-3a8b-4a36-8523-33c20b554325", "9f9bdc7a-de44-46d8-8ada-b087d27daa6a", "bc31d22c-2270-4b60-a8cc-00c51d355402", "ade40270-10a4-40e0-bfdd-14c641c23ebe", "c8a0ad69-4996-4102-88b8-f4850743a6f9", "9006210d-00ef-4b0e-9fd6-4f62acf62563", "0a17210e-bad1-4a95-955e-1202a41f2f15"], "best_program_id": "9006210d-00ef-4b0e-9fd6-4f62acf62563", "island_best_programs": ["9006210d-00ef-4b0e-9fd6-4f62acf62563"], "last_iteration": 100, "current_island": 0, "island_generations": [6], "last_migration_generation": 0, "feature_stats": {"complexity": {"min": 267.0, "max": 5732.0, "values": [267.0, 5726.0, 5726.0, 5726.0, 5726.0, 5732.0, 5726.0]}, "diversity": {"min": 224.28000000000003, "max": 1116.9, "values": [1116.9, 1116.9, 1116.9, 1116.9, 224.28000000000003, 1116.9]}}}