{
  "id": "63628c3c-fcf1-4253-9390-5fd9c3577e07",
  "generation": 24,
  "iteration": 564,
  "current_iteration": 600,
  "metrics": {
    "combined_score": 0.4931212033920535,
    "BLUE score": 0.4931212033920535
  },
  "language": "python",
  "timestamp": 1776051145.4002693,
  "saved_at": 1776051674.8386695
}