{
  "id": "944aa240-5524-4cb4-9f90-ce2826d8f893",
  "generation": 3,
  "iteration": 35,
  "current_iteration": 60,
  "metrics": {
    "combined_score": 0.5341494335559767
  },
  "language": "python",
  "timestamp": 1766039450.9166088,
  "saved_at": 1766039937.4256518
}