{
  "id": "22a3eaa8-59ad-4641-82a8-8920b886573d",
  "generation": 5,
  "iteration": 133,
  "current_iteration": 200,
  "metrics": {
    "combined_score": 0.3694053104059798
  },
  "language": "python",
  "timestamp": 1769076664.042814,
  "saved_at": 1769078821.2792034
}