{
  "id": "f5353add-b356-4990-8889-555ca8971449",
  "generation": 1,
  "iteration": 6,
  "current_iteration": 10,
  "metrics": {
    "runs_successfully": 1.0,
    "value_score": 0.9765654498848694,
    "distance_score": 0.8685111508551738,
    "combined_score": 1.4232541052984802,
    "reliability_score": 1.0
  },
  "language": "python",
  "timestamp": 1762985347.3761628,
  "saved_at": 1762985380.4870968
}