{"island_feature_maps": [{"5-0": "8f67f248-52e5-4976-b05d-3b85739dbf42", "9-5": "f5353add-b356-4990-8889-555ca8971449", "0-9": "30dfac9d-dd67-4951-b656-5b4165add511"}, {}, {}], "islands": [["8f67f248-52e5-4976-b05d-3b85739dbf42", "30dfac9d-dd67-4951-b656-5b4165add511", "b9d0c4fc-a28b-42eb-bfa5-f2b0d01bb04e", "e59b2817-6ed5-4306-a32f-893b353cf450", "f5353add-b356-4990-8889-555ca8971449"], [], []], "archive": ["8f67f248-52e5-4976-b05d-3b85739dbf42", "30dfac9d-dd67-4951-b656-5b4165add511", "b9d0c4fc-a28b-42eb-bfa5-f2b0d01bb04e", "e59b2817-6ed5-4306-a32f-893b353cf450", "f5353add-b356-4990-8889-555ca8971449"], "best_program_id": "f5353add-b356-4990-8889-555ca8971449", "island_best_programs": ["f5353add-b356-4990-8889-555ca8971449", null, null], "last_iteration": 10, "current_island": 2, "island_generations": [3, 3, 3], "last_migration_generation": 0, "feature_stats": {"complexity": {"min": 1180.0, "max": 1421.0, "values": [1237.0, 1421.0, 1421.0, 1421.0, 1421.0, 1421.0, 1421.0, 1421.0, 1421.0, 1421.0, 1237.0, 1421.0, 1421.0, 1421.0, 1180.0]}, "diversity": {"min": 20.400000000000002, "max": 144.16666666666666, "values": [20.400000000000002, 20.400000000000002, 20.400000000000002, 20.400000000000002, 20.400000000000002, 20.400000000000002, 20.400000000000002, 20.400000000000002, 20.400000000000002, 20.400000000000002, 20.400000000000002, 20.400000000000002, 20.400000000000002, 144.16666666666666]}}}